anio,cod_pais,usd,kg
2000,28,263.0,170.0
2000,36,459.0,882.0
2000,40,597922.0,865800.0
2000,48,16955.0,45600.0
2000,56,44326844.0,64700996.0
2000,68,53783.0,291046.0
2000,72,25.0,43.0
2000,76,4087057.0,16023488.0
2000,100,1007.0,327.0
2000,112,22600.0,20869.0
2000,120,152811.0,1389625.0
2000,124,5198.0,2621.0
2000,132,298.0,113.0
2000,144,1395085.0,2399758.0
2000,152,1867.0,1867.0
2000,156,473665.0,1388868.0
2000,170,198420.0,77890.0
2000,188,121550336.0,322452816.0
2000,191,1630.0,800.0
2000,196,530.0,450.0
2000,203,88974.0,81638.0
2000,204,57140.0,460966.0
2000,208,181387.0,122445.0
2000,212,27124.0,31280.0
2000,218,2607666.0,10154574.0
2000,222,225.0,6460.0
2000,231,2447.553,7935.0
2000,233,947.0,621.0
2000,246,2768.0,1161.0
2000,251,54009152.0,78262428.0
2000,276,5985000.0,6403100.0
2000,288,10440520.0,26173284.0
2000,300,154556.0,133310.0
2000,308,109.0,18.0
2000,320,309848.0,2316808.0
2000,324,6259.0,21360.0
2000,328,157926.0,237540.0
2000,340,10716246.0,26781363.0
2000,344,136526.0,164081.0
2000,352,47.0,12.0
2000,360,1123574.0,2976675.0
2000,372,15717.614,13152.0
2000,380,4713142.127,5116622.0
2000,384,46911482.0,187836298.0
2000,388,321.0,389.0
2000,404,254994.0,337731.0
2000,410,16486.0,29104.0
2000,414,375.0,565.0
2000,428,8605.298,8171.0
2000,440,49910.0,108230.0
2000,442,51622.0,33625.0
2000,450,247.672,100.0
2000,454,39.0,143.0
2000,458,2519225.0,16997922.0
2000,470,1895.0,1805.0
2000,480,408283.0,640888.0
2000,484,8288307.0,24408275.0
2000,490,672183.0,843445.0
2000,512,5990.0,5293.0
2000,528,18025498.0,21051375.0
2000,554,2525.0,1264.0
2000,558,72641.0,803098.0
2000,562,4369.0,23498.0
2000,591,81832.0,290491.0
2000,600,30051.0,198540.0
2000,608,24793625.0,135484322.0
2000,620,2332433.0,1799388.0
2000,642,62.34,16.0
2000,643,29503.0,34529.0
2000,659,751.0,512.0
2000,662,38.0,25.0
2000,670,83.0,306.0
2000,690,14295.0,22440.0
2000,699,218693.0,581669.0
2000,702,44485.0,274120.0
2000,703,1117.0,1127.0
2000,704,963000.0,1511636.0
2000,705,12677.0,17465.0
2000,710,3237024.0,6263047.0
2000,716,194.91,224.0
2000,724,5286780.267,6355682.8
2000,748,33048.0,51876.0
2000,752,56527.0,25392.0
2000,757,5745.619,5410.0
2000,764,1818630.0,5181916.0
2000,768,72164.0,113276.0
2000,780,41076.0,64478.0
2000,788,49.0,15.0
2000,792,19801.0,12321.0
2000,800,725090.0,1615759.0
2000,818,3326.554,5359.607
2000,826,202318.0,197473.0
2000,834,2381.0,3737.0
2000,842,28027800.0,43995685.0
2000,854,638.0,9376.0
2000,862,169727.0,365556.0
2001,36,9297.0,17780.0
2001,40,821311.0,400770.0
2001,48,585.0,1000.0
2001,50,1388.0,1100.0
2001,56,72206398.0,87692605.0
2001,68,105849.4,306665.0
2001,72,105.0,188.0
2001,76,3408283.0,14457255.0
2001,100,281.0,9.0
2001,112,1100.0,2320.0
2001,120,152290.0,1176110.0
2001,124,5840.0,3356.0
2001,144,1848267.0,2308854.0
2001,152,21933.0,32156.0
2001,156,486202.0,1329754.0
2001,170,267239.0,45980.0
2001,188,140690987.0,386920758.0
2001,191,3457.0,2567.0
2001,196,431.0,450.0
2001,203,97402.0,108095.0
2001,204,75541.0,110752.0
2001,208,218436.0,142738.0
2001,212,32880.0,37756.0
2001,214,818000.0,2363613.0
2001,218,4658944.0,16237123.0
2001,222,200.69,1500.0
2001,231,1537.94,3635.0
2001,233,396.0,561.0
2001,246,4100.0,2484.0
2001,251,60110988.0,94233000.0
2001,258,1651.0,890.0
2001,276,7350000.0,6591000.0
2001,288,7933274.0,19703070.0
2001,300,119431.0,125601.0
2001,320,897186.0,5957474.0
2001,324,173008.0,666150.0
2001,328,177897.0,467634.0
2001,340,15021640.0,35817291.0
2001,344,38534.0,53460.0
2001,348,27000.0,28000.0
2001,360,886695.0,2020442.0
2001,372,22487.302,16989.0
2001,380,8806021.484,10070981.0
2001,384,45303575.0,195235842.0
2001,388,5229.0,1136.0
2001,404,254095.0,288870.0
2001,428,5843.087,5575.0
2001,440,28963.0,49192.0
2001,442,182769.0,115246.0
2001,458,2613677.0,3831943.0
2001,466,2617.0,1200.0
2001,480,639547.0,937648.0
2001,484,11100736.0,34691345.0
2001,490,860180.0,947003.0
2001,504,511.173,96.0
2001,512,12174.0,12937.0
2001,516,217.0,20.0
2001,528,23314613.0,26070276.0
2001,554,8033.0,11688.0
2001,558,40689.0,387151.0
2001,579,20116.921,10000.0
2001,591,766216.0,670273.0
2001,600,39660.0,360400.0
2001,604,44672.0,46983.0
2001,608,27406704.0,154412361.0
2001,620,2686128.0,2352519.0
2001,643,27722.0,32880.0
2001,659,289.0,83.0
2001,662,5.0,3.0
2001,670,167.0,899.0
2001,686,218.0,200.0
2001,690,15382.0,22552.0
2001,699,335948.0,849640.0
2001,702,37005.0,266362.0
2001,703,9124.0,8321.0
2001,704,223936.0,328315.0
2001,705,114.0,2.0
2001,710,2895316.0,4608902.0
2001,724,14166249.048,18031066.6
2001,748,26701.0,191500.0
2001,752,12019.0,16130.0
2001,757,43561.789,25621.0
2001,764,2048192.0,7080353.0
2001,768,75285.0,298715.0
2001,780,24678.0,23111.0
2001,792,374.0,480.0
2001,800,29202.0,42473.0
2001,818,429.353,653.344
2001,826,241924.0,160237.0
2001,834,1146.0,3000.0
2001,842,32704184.0,47948007.0
2001,854,1886.0,1937.0
2001,862,161489.0,354500.0
2001,882,86.0,761.0
2002,40,915278.0,426100.0
2002,48,1495.0,1394.0
2002,50,2729.0,8100.0
2002,56,94108628.0,101367110.0
2002,68,49979.0,269205.0
2002,76,1790856.0,8660407.0
2002,100,311.0,123.0
2002,112,46300.0,35213.0
2002,120,144936.0,718506.0
2002,144,1634628.0,2568725.0
2002,152,3076.0,3703.0
2002,156,577216.0,2445496.0
2002,170,235870.0,46654.0
2002,188,161113974.0,458727830.0
2002,191,4355.0,5406.0
2002,192,6.0,5.0
2002,203,115791.0,125860.0
2002,204,123813.0,1022540.0
2002,208,244896.0,138398.0
2002,212,30593.0,35100.0
2002,214,632190.0,1470023.0
2002,218,12752774.0,33314526.0
2002,231,6024.868,9104.0
2002,233,18587.0,8400.0
2002,242,89.0,120.0
2002,246,1143.0,567.0
2002,251,84506929.0,113778971.0
2002,276,10156000.0,9250400.0
2002,300,107425.0,119703.0
2002,320,1089444.0,6876632.0
2002,324,14039.0,133609.0
2002,328,277400.0,807245.0
2002,340,8668365.0,26277740.0
2002,344,10342.0,29127.0
2002,352,17.0,5.0
2002,360,2784582.0,3734414.0
2002,372,52693.858,43869.0
2002,380,11728880.279,11185923.0
2002,384,43416416.0,173828988.0
2002,388,278.0,201.0
2002,404,188747.0,188071.0
2002,410,936.0,1560.0
2002,414,724.0,460.0
2002,428,10076.979,7913.0
2002,440,47371.0,80126.0
2002,442,108996.0,63705.0
2002,450,23.44,40.0
2002,458,2788224.0,37947430.0
2002,480,584121.0,703189.0
2002,484,8164488.0,24562198.0
2002,490,376441.0,381124.0
2002,508,2012.0,2422.0
2002,512,546.0,1038.0
2002,516,55.0,12.0
2002,528,29100572.0,29723130.0
2002,540,40.0,48.0
2002,554,9334.0,10539.0
2002,558,71386.0,643005.0
2002,591,292811.0,455691.0
2002,600,72201.0,647800.0
2002,604,1.0,2.0
2002,608,29537277.0,172086562.0
2002,620,19031148.0,14847596.0
2002,642,1774.88,1590.33
2002,643,50675.0,39743.0
2002,659,461.0,216.0
2002,662,6839.0,2996.0
2002,670,39.0,204.0
2002,682,436801.0,306000.0
2002,690,11142.0,13413.0
2002,699,318263.0,747895.0
2002,702,85835.0,334750.0
2002,703,9654.0,8942.0
2002,704,1503087.0,1809480.0
2002,705,1337.0,1463.0
2002,710,2228183.0,4240988.0
2002,716,126.1,247.0
2002,724,17317583.253,21067321.6
2002,748,10032.0,65407.0
2002,752,65997.0,33000.0
2002,757,163113.396,45615.0
2002,764,2534684.0,6440729.0
2002,768,61346.0,161000.0
2002,780,21606.0,39546.0
2002,788,128.0,56.0
2002,792,790.0,518.0
2002,800,12248.0,27087.0
2002,818,26127.071,34540.22
2002,826,767313.0,713180.0
2002,834,32510.0,72355.0
2002,842,40688624.0,48982682.0
2002,862,216569.0,520411.0
2002,882,152.0,115.0
2002,891,3722.0,494.0
2003,36,3895.0,3394.0
2003,40,1296255.0,553311.0
2003,48,152.0,230.0
2003,56,149209301.0,131723945.0
2003,68,131276.16,852045.84
2003,70,7205.0,3421.0
2003,72,28.0,25.0
2003,76,2842584.0,12064693.0
2003,100,331.0,107.0
2003,112,15900.0,11370.0
2003,120,273573.0,1435314.0
2003,124,14450.0,18218.0
2003,144,2041747.0,3287249.0
2003,152,21137.2,26893.0
2003,156,1542692.0,7712886.0
2003,170,516313.0,332241.0
2003,188,198889281.0,559426023.0
2003,191,6649.0,7410.0
2003,192,813.0,1744.0
2003,203,51804.0,42441.0
2003,204,133041.0,935720.0
2003,208,107197.0,62069.0
2003,212,85640.0,64193.0
2003,214,828637.0,1805831.0
2003,218,21240891.0,48549346.0
2003,231,17252.354,15508.0
2003,233,18887.0,5646.0
2003,246,1004.0,223.0
2003,251,76898721.0,88350100.0
2003,276,16675000.0,13021700.0
2003,288,33402583.0,45421333.0
2003,300,72055.0,81834.0
2003,320,1874781.0,6644292.0
2003,328,221376.0,656771.0
2003,340,16594028.0,34525994.0
2003,344,40513.0,50201.0
2003,348,30000.0,7400.0
2003,360,2315283.0,2284432.0
2003,364,762.0,297.0
2003,372,39054.345,24924.0
2003,380,15146261.254,13336817.0
2003,384,49194377.0,171268289.0
2003,388,5446.0,2584.0
2003,404,450188.0,458333.0
2003,414,6510.0,5071.0
2003,422,50.0,400.0
2003,428,2998.706,2040.0
2003,440,43296.0,37397.0
2003,442,191267.0,86122.0
2003,450,59.98,14.0
2003,458,2476098.0,16079.0
2003,480,625779.0,703729.0
2003,484,7953211.0,20838991.0
2003,490,795500.0,905007.0
2003,504,47.053,50.0
2003,512,2861.0,6110.0
2003,516,209.0,128.0
2003,528,56930361.0,48037086.0
2003,540,190.0,133.0
2003,554,6888.0,3639.0
2003,558,38084.0,319327.0
2003,562,552.0,2000.0
2003,579,5857.255,414.0
2003,591,4003651.0,4759395.0
2003,600,101649.0,948720.0
2003,604,9.0,6.0
2003,608,38096396.0,194867934.0
2003,620,33295864.0,25868044.0
2003,642,9353.28,4499.3
2003,643,78961.0,30463.0
2003,659,56.0,60.0
2003,662,180.0,358.0
2003,670,11.0,60.0
2003,682,210934.0,189000.0
2003,686,3273.0,15175.0
2003,690,37029.8,5409.0
2003,699,349719.0,1087669.0
2003,702,80901.0,297260.0
2003,703,15042.0,13845.0
2003,704,1658992.0,1865645.0
2003,705,12180.0,13403.0
2003,710,2715187.0,3736139.0
2003,724,10124305.532,8310394.6
2003,748,9211.0,75815.0
2003,752,108754.0,42000.0
2003,757,127213.476,27689.0
2003,760,2415.0,1500.0
2003,764,3624925.0,7387765.0
2003,768,24074.0,66620.0
2003,780,55369.0,81089.0
2003,788,47.0,7.0
2003,792,9141.0,870.0
2003,800,30247.0,42210.0
2003,818,194.128,218.733
2003,826,233273.0,85057.0
2003,834,9055.0,17408.0
2003,842,54333344.0,61101390.0
2003,862,112821.0,378254.0
2003,882,97.0,265.0
2004,24,41.53,152.0
2004,36,4985.0,5105.0
2004,40,2024563.0,1357481.0
2004,48,3989.0,7100.0
2004,56,207295560.0,190035084.0
2004,68,296291.4,1834098.35
2004,70,9521.0,8481.0
2004,72,88.0,52.0
2004,76,6057163.0,23363101.0
2004,100,872.0,405.0
2004,112,46000.0,32880.0
2004,120,384331.0,1918426.0
2004,124,12810.0,13148.0
2004,144,2337235.0,3434670.0
2004,152,13990.7,9533.0
2004,156,1557074.0,5755580.0
2004,170,740960.0,406651.0
2004,188,257244554.0,693107162.0
2004,191,1465.0,1438.0
2004,192,10.0,21.0
2004,196,57152.0,27585.0
2004,203,408470.0,334960.0
2004,204,167767.0,1067732.0
2004,208,186519.0,99083.0
2004,212,135212.0,83525.0
2004,214,408522.693,1323680.322
2004,218,24626950.0,72725772.0
2004,231,71564.621,191345.0
2004,233,808.08,347.93
2004,242,2442.0,2520.0
2004,246,111.0,22.0
2004,251,68494720.0,73865300.0
2004,276,22388000.0,18005300.0
2004,300,79417.0,74547.0
2004,320,5488133.0,16230752.0
2004,324,39264.0,97073.0
2004,328,352215.0,630975.0
2004,340,22766650.0,50540043.0
2004,344,642.0,760.0
2004,352,84.0,16.0
2004,360,529122.0,2431263.0
2004,364,90.0,30.0
2004,372,55949.743,33693.0
2004,380,11870216.525,11500537.0
2004,384,53713265.0,158736001.0
2004,388,8189.0,3874.0
2004,400,21721.0,18000.0
2004,404,549985.0,489395.0
2004,410,2860.0,6864.0
2004,414,12399.0,12609.0
2004,428,5578.902,6113.0
2004,440,140575.0,102835.6
2004,442,876644.0,318013.0
2004,450,1907.306,90.0
2004,458,2356811.0,13650630.0
2004,480,1014093.0,728310.0
2004,484,10759122.0,403155726.0
2004,490,972286.0,1191955.0
2004,512,2861.0,6110.0
2004,516,24.0,25.0
2004,528,80515622.0,68383703.0
2004,554,14390.0,11427.0
2004,558,57310.0,561220.0
2004,562,227.0,2400.0
2004,591,11899683.0,13180354.0
2004,600,122140.0,1175600.0
2004,604,2609.0,954.0
2004,608,41146290.0,204176270.0
2004,616,722327.0,935986.0
2004,620,24180978.0,22662899.0
2004,634,82.419,60.0
2004,642,23319.18,10294.7
2004,643,81857.0,62577.0
2004,646,54.0,58.0
2004,659,443.0,425.0
2004,662,33.0,18.0
2004,670,553.0,2965.0
2004,682,1201868.0,959000.0
2004,690,21650.794,2574.0
2004,699,537066.0,1890129.0
2004,702,92100.0,337250.0
2004,703,275238.0,280716.0
2004,704,2004580.0,2101996.0
2004,705,101933.0,95456.0
2004,710,3338711.0,3774056.0
2004,716,505.48,172.0
2004,724,12074243.803,11328272.1
2004,748,12116.0,77947.0
2004,752,365215.0,225000.0
2004,757,126093.961,35149.0
2004,764,2620430.0,5736110.0
2004,768,50941.0,101234.0
2004,780,165948.0,246631.0
2004,788,6658.0,19112.0
2004,792,39539.0,7610.0
2004,800,119131.0,323482.0
2004,807,4275.86,1074.372
2004,826,10995665.0,10757217.0
2004,834,3721.0,27127.0
2004,842,68733620.0,72073863.0
2004,854,150.0,1104.0
2004,862,143160.0,558115.0
2004,882,101.0,50.0
2005,24,5.83,16.0
2005,28,511.0,206.0
2005,36,30571.0,27220.0
2005,40,1066910.0,603664.0
2005,48,3138.0,11604.0
2005,50,982.0,1200.0
2005,56,252196289.0,254163706.0
2005,68,512832.49,3420079.27
2005,70,822.0,1163.0
2005,72,206.0,116.0
2005,76,6103178.0,19634961.0
2005,84,93.5,14.496
2005,100,379.0,75.0
2005,112,4200.0,2000.0
2005,120,583421.0,3016768.0
2005,124,67980.0,38099.0
2005,144,2092057.0,2116083.0
2005,152,12991.99,5261.76
2005,156,1278352.0,5394862.0
2005,170,701413.0,288230.0
2005,188,328732394.0,905090186.0
2005,196,15714.0,10213.0
2005,203,981120.0,1072448.0
2005,204,175304.0,1107401.0
2005,208,267375.0,206912.0
2005,212,120078.0,71735.0
2005,214,177681.0,379818.0
2005,218,29912909.0,79736838.0
2005,231,7539.593,20805.99
2005,233,1569.33,1434.85
2005,242,1178.0,398.0
2005,246,376.0,22.0
2005,251,53564629.0,59528800.0
2005,276,37715000.0,30873300.0
2005,288,15805781.0,16573893.0
2005,300,229073.0,253935.0
2005,320,11768844.0,40359342.0
2005,324,45074.0,405847.0
2005,328,152013.0,428272.0
2005,340,20455551.0,54364921.0
2005,344,28184.0,34169.0
2005,360,219703.0,643716.0
2005,364,26002.0,49460.0
2005,372,130541.411,89840.0
2005,380,16407429.081,18980610.0
2005,384,47280744.0,132076719.0
2005,388,645.0,406.0
2005,400,11673.0,12241.0
2005,404,487575.0,292375.0
2005,422,2000.0,2000.0
2005,428,42699.666,51201.0
2005,440,188615.0,211915.1
2005,442,834685.0,717816.0
2005,450,3887.842,12512.0
2005,458,2863067.0,15818100.0
2005,484,11004467.0,33075443.0
2005,490,1097261.0,1244474.0
2005,508,4656.0,4882.0
2005,516,1153.0,1209.0
2005,528,100118971.0,99295269.0
2005,554,16117.0,10223.0
2005,558,65760.0,618200.0
2005,591,21050768.0,27969347.0
2005,600,126936.0,1255760.0
2005,604,16301.0,24051.0
2005,608,43359409.0,210762268.0
2005,616,1772427.0,2493259.0
2005,620,14600939.0,16649066.0
2005,634,72215.0,169040.0
2005,642,7117.24,3897.95
2005,643,86818.0,55416.0
2005,662,33.0,60.0
2005,670,57.0,307.0
2005,682,1232595.0,895000.0
2005,686,774.0,2000.0
2005,690,43933.544,4464.0
2005,699,846625.0,3486208.0
2005,702,183393.0,613950.0
2005,703,345155.0,434873.0
2005,704,2571244.0,2696199.0
2005,705,206224.0,193975.0
2005,710,3525256.0,3678408.0
2005,716,763.02,126.0
2005,724,14324700.093,15214094.8
2005,748,7196.0,53154.0
2005,752,102088.0,57000.0
2005,757,140569.613,73964.0
2005,764,3148032.0,5729125.0
2005,768,19056.0,46808.0
2005,780,291044.0,305284.0
2005,784,883035.0,2258329.0
2005,792,17742.0,6005.0
2005,800,170502.0,467046.0
2005,807,9817.72,2742.0
2005,818,5791.498,8876.461
2005,826,5751964.0,5926564.0
2005,834,6235.0,52600.0
2005,842,81551798.0,85514966.0
2005,862,151178.0,432730.0
2005,882,629.0,220.0
2005,887,397.0,800.0
2005,894,185.0,500.0
2006,36,84898.0,19148.0
2006,40,1304270.0,788370.0
2006,48,13604.0,18050.0
2006,52,248.0,330.0
2006,56,228054138.0,239749126.0
2006,68,608707.6,4629783.0
2006,72,560.0,391.0
2006,76,7262856.0,22686022.0
2006,100,6727.0,6888.0
2006,120,1436897.0,7718426.0
2006,124,12447.0,3206.0
2006,144,2432541.0,2003038.0
2006,152,12760.7,4917.2
2006,156,1807900.0,3685045.0
2006,170,479616.0,63399.0
2006,188,434617314.0,1183888670.0
2006,191,1205.0,380.0
2006,196,811.0,430.0
2006,203,1671635.0,1620292.0
2006,204,207790.0,1326245.0
2006,208,468125.0,338055.0
2006,212,134279.0,95190.0
2006,214,139579.643,289361.456
2006,218,30369314.0,95045874.0
2006,231,273.838,3054.0
2006,233,479.51,545.25
2006,242,1353.0,302.0
2006,246,8893.0,6666.0
2006,251,38651935.0,40258800.0
2006,276,33932000.0,29681800.0
2006,288,12857021.0,39900650.0
2006,300,415314.0,379015.0
2006,320,7573157.0,26839215.0
2006,324,7968.0,144826.0
2006,328,121554.0,327418.0
2006,340,19052054.0,60201833.0
2006,344,33027.0,42842.0
2006,348,38000.0,39600.0
2006,352,151.0,40.0
2006,360,81903.0,142672.0
2006,364,7626.0,13920.0
2006,372,177652.191,86466.0
2006,380,20866803.548,23264834.0
2006,384,70732711.0,115603854.0
2006,388,289.0,190.0
2006,404,134946.0,102584.0
2006,414,13621.0,19920.0
2006,422,928.0,11468.0
2006,426,91.56,1.0
2006,428,125993.064,131100.0
2006,440,1668228.0,1338810.5
2006,442,998982.0,1141137.0
2006,450,590.32,81.8
2006,454,147.044,10000.0
2006,458,3666390.0,24138990.0
2006,470,2622.0,218.0
2006,480,998223.0,713205.0
2006,484,11609948.0,25587456.0
2006,490,630227.0,584048.0
2006,508,12661.0,13276.0
2006,512,21350.0,28761.0
2006,516,883.0,128.0
2006,528,154808922.0,161496519.0
2006,540,3626.0,120.0
2006,554,10639.0,6383.0
2006,558,91515.0,1287759.0
2006,579,3208.161,4507.0
2006,591,36922330.0,51478544.0
2006,600,160165.0,1508600.0
2006,604,44734.0,82256.0
2006,608,54793947.0,262446345.0
2006,616,2265509.0,3012511.319
2006,620,12330754.0,15383657.0
2006,634,9805.0,17500.0
2006,642,8553.53,4300.63
2006,643,140679.0,100179.0
2006,646,622.0,250.0
2006,670,158.0,854.0
2006,682,166622.0,202000.0
2006,688,9323.0,24963.0
2006,690,49757.82,4655.0
2006,699,1148792.0,4806294.0
2006,702,13859.0,6520.0
2006,703,336355.0,394241.0
2006,704,1812318.0,1900391.0
2006,705,318335.0,290097.0
2006,710,3607363.0,3915634.0
2006,724,14527685.988,15130750.95
2006,736,10485.678,15000.0
2006,748,36276.0,254125.0
2006,752,191752.0,125000.0
2006,757,324709.624,29884.0
2006,760,19261.0,28500.0
2006,764,4236655.0,7736878.0
2006,780,177069.0,203138.0
2006,792,997.0,254.0
2006,800,69385.0,1305491.0
2006,804,592.0,903.0
2006,807,3419.93,1142.0
2006,826,8925318.0,9676492.0
2006,834,16103.0,180480.0
2006,842,88689830.0,92966535.0
2006,854,1269.86,590.0
2006,862,75113.0,298740.0
2006,882,517.0,160.0
2007,31,13217.0,23110.0
2007,32,3642.0,3361.0
2007,36,28836.0,6222.0
2007,40,1833792.0,1040533.0
2007,48,22205.0,30350.0
2007,52,708.0,1133.0
2007,56,265905221.0,260854226.0
2007,64,209.0,264.0
2007,68,517463.0,4267614.0
2007,72,257.0,160.0
2007,76,17633858.0,36764079.0
2007,100,6588.0,3006.0
2007,120,1657705.0,7749515.0
2007,124,143675.0,84202.0
2007,144,2753096.0,1730030.0
2007,152,11212.81,4090.0
2007,156,1543091.0,3716158.0
2007,170,393340.0,149942.0
2007,188,486860267.0,1353026908.0
2007,191,201.0,80.0
2007,203,2869087.0,2502585.0
2007,204,187298.0,918137.0
2007,208,743541.0,532544.0
2007,212,187574.0,108081.0
2007,214,242063.93,394872.098
2007,218,33580411.0,99580991.0
2007,222,145.6,24.96
2007,231,16479.323,51125.0
2007,233,3306.75,3737.05
2007,242,358.0,130.0
2007,246,5186.0,3300.0
2007,251,24681743.0,25151100.0
2007,276,36202000.0,30090500.0
2007,288,9957798.0,29512225.0
2007,300,1033279.0,1218421.0
2007,320,12960029.0,47721709.0
2007,324,21077.0,106800.0
2007,328,161745.0,488428.0
2007,340,20361317.0,52965374.0
2007,344,93625.0,126876.0
2007,348,2000.0,1700.0
2007,352,227.0,72.0
2007,360,360991.0,472875.0
2007,372,291846.031,112013.0
2007,380,16681972.145,17604097.0
2007,384,38760842.0,96557897.0
2007,404,23460.0,16363.0
2007,414,78733.0,215093.0
2007,422,503.0,70.0
2007,428,31133.149,22515.0
2007,440,4959465.0,3619030.5
2007,442,552425.0,422658.0
2007,450,7402.375,20198.8
2007,458,4191142.0,18072740.0
2007,480,1812941.0,1026486.0
2007,484,12844832.0,32256430.0
2007,490,583372.0,680644.0
2007,508,55.0,69.0
2007,512,18419.0,31926.0
2007,516,126.0,66.0
2007,528,166121438.0,156602889.0
2007,554,12952.0,7070.0
2007,558,160628.0,1285539.0
2007,591,42854619.0,66286464.0
2007,600,246052.0,2448180.0
2007,604,17533.0,20349.0
2007,608,58848967.0,277122006.0
2007,616,2485358.0,2977332.594
2007,620,12812078.0,12614413.0
2007,634,38983.0,112730.0
2007,642,115663.79,59151.55
2007,643,224805.0,174320.0
2007,646,770.0,320.0
2007,670,16.0,82.0
2007,682,30417.0,30000.0
2007,686,2079.0,3613.0
2007,690,136657.464,11360.216
2007,699,824518.0,4158288.0
2007,702,56534.0,163190.0
2007,703,321435.0,372991.0
2007,704,3356558.0,4208017.0
2007,705,404813.0,366521.0
2007,710,4038578.0,3953332.0
2007,724,20428120.667,21012365.5
2007,748,163084.0,302754.0
2007,752,504589.0,503000.0
2007,757,126189.021,84318.0
2007,764,5885330.0,3814284.0
2007,768,33334.0,8752.0
2007,780,171679.0,210155.0
2007,784,3018331.0,6498829.0
2007,792,380.0,110.0
2007,800,185610.0,2853841.0
2007,804,3074.0,4577.0
2007,807,2977.26,746.0
2007,826,7764457.0,6988040.0
2007,834,137319.0,757755.0
2007,842,88525861.0,89268754.0
2007,854,469.162,780.0
2007,858,88.0,56.0
2007,882,248.0,653.0
2007,887,1339.0,3566.0
2007,894,1786.0,2468.0
2008,24,680.45,548.0
2008,31,22597.0,38190.0
2008,36,43583.0,29670.0
2008,40,3699515.0,2020933.0
2008,48,71032.0,41200.0
2008,56,236379680.0,230284706.0
2008,64,804.0,1570.0
2008,68,460398.67,2917651.5
2008,72,264.0,702.0
2008,76,16381055.0,32566002.0
2008,100,4726.0,2934.0
2008,120,1953412.0,8313336.0
2008,124,332256.0,360265.0
2008,144,3794202.0,1824678.0
2008,152,1036.44,426.7
2008,156,1025553.0,1830125.0
2008,170,477009.0,251800.0
2008,188,574921111.0,1458975193.0
2008,203,1967413.0,1573762.0
2008,204,309054.0,1095805.0
2008,208,1144632.0,780013.0
2008,212,191434.0,128655.0
2008,214,435232.352,585017.6
2008,218,37179867.0,91387718.0
2008,222,235.2,36.3
2008,231,3285.431,6692.0
2008,233,122.79,39.1
2008,242,57.0,34.0
2008,246,3576.0,210.0
2008,251,19967173.0,18598900.0
2008,258,388.0,169.0
2008,276,40881833.948,32819503.0
2008,288,6228054.0,17818704.0
2008,300,775735.0,648330.0
2008,320,13773346.0,39355085.0
2008,324,134426.0,460000.0
2008,328,124973.0,306511.0
2008,344,89618.0,92787.0
2008,348,25000.0,10900.0
2008,352,393.0,151.0
2008,360,104482.0,215053.0
2008,372,339138.454,190602.0
2008,380,18218136.291,18661143.0
2008,384,28771731.381,69200539.0
2008,388,10833.0,16.0
2008,392,2315.0,400.0
2008,400,13923.0,34550.0
2008,404,387921.0,224901.0
2008,414,54913.0,89780.0
2008,428,15616.477,14103.0
2008,440,7025847.0,5113889.8
2008,442,789413.0,723882.0
2008,446,590.64,743.0
2008,450,284.385,190.3
2008,458,4460784.0,18521615.0
2008,470,8018.0,3944.0
2008,480,1319525.0,869438.0
2008,484,17001012.0,42791776.0
2008,490,728745.0,845274.0
2008,508,513.0,556.0
2008,512,17160.0,34515.0
2008,516,3941.0,1552.0
2008,528,208592613.0,198752573.0
2008,554,28132.0,20340.0
2008,558,58717.0,754342.0
2008,562,889.0,8000.0
2008,579,41042.029,14815.0
2008,591,36503496.0,60231386.0
2008,600,257836.0,1735260.0
2008,604,61854.0,53929.0
2008,608,61652975.0,291865062.0
2008,616,2337142.0,2919243.0
2008,620,22508000.0,18436672.0
2008,642,383877.66,173090.21
2008,643,334783.0,251522.0
2008,659,86.0,90.0
2008,670,417.0,2173.0
2008,682,108000.0,42000.0
2008,690,67374.417,6919.098
2008,699,855006.0,3858335.0
2008,702,15311.0,8503.0
2008,703,332781.0,398013.0
2008,704,4150821.0,4500724.0
2008,705,614176.0,553773.0
2008,710,2943681.0,2793522.0
2008,724,25400472.565,24306110.04
2008,748,4573.703,17853.27
2008,752,1217499.0,605000.0
2008,757,186771.181,100472.0
2008,764,3301982.0,4034859.0
2008,768,33270.942,33600.0
2008,776,556.0,550.0
2008,780,128760.0,152508.0
2008,784,3857861.0,7536196.0
2008,792,625.0,350.0
2008,800,180931.0,2425764.0
2008,804,931.0,44.0
2008,807,3261.58,738.0
2008,818,3967.953,7337.608
2008,826,10322576.0,9561099.0
2008,834,95598.0,903305.0
2008,842,93405410.0,90512138.0
2008,854,2692.262,2265.0
2008,858,23.0,16.0
2008,862,43490.0,247530.0
2008,882,27.0,20.0
2008,894,401.119,741.756
2009,24,274.84,184.0
2009,31,18217.0,36000.0
2009,36,73870.0,56120.0
2009,40,3741219.0,2408773.0
2009,48,109979.0,105600.0
2009,50,14721.0,40867.0
2009,52,1140.0,674.0
2009,56,238740568.0,270044470.0
2009,68,431906.0,2441657.0
2009,72,173.0,216.0
2009,76,10567582.0,19816922.0
2009,100,8787.0,900.0
2009,120,2742436.0,11962601.0
2009,124,198701.0,71804.0
2009,132,494.0,80.0
2009,144,1690556.0,1338655.0
2009,152,428.9,524.0
2009,156,1477310.0,2507245.0
2009,170,340562.0,213481.0
2009,175,70.0,30.0
2009,188,444831251.0,1112091217.0
2009,191,3241.0,3600.0
2009,196,2925.0,900.0
2009,203,1972039.0,1689706.0
2009,204,42617.0,44817.0
2009,208,590873.0,293656.0
2009,212,316283.0,137567.0
2009,214,1407469.8,2150692.46
2009,218,44311643.0,99714582.0
2009,222,446.66,130.56
2009,231,3651.696,10043.0
2009,233,10670.06,10169.03
2009,242,75.0,63.0
2009,246,5457.0,6649.0
2009,251,17745849.0,18194000.0
2009,276,37100288.341,32438509.0
2009,288,6679151.0,19111623.0
2009,300,844026.0,768592.0
2009,320,9038353.0,13953223.0
2009,328,112056.0,317726.0
2009,340,23720020.0,47468097.0
2009,344,93710.0,95106.0
2009,348,29000.0,5500.0
2009,352,356.0,115.0
2009,360,19725.0,33033.0
2009,372,311467.374,178086.0
2009,380,16142145.439,18566962.0
2009,384,21635143.591,54435443.0
2009,388,743.0,343.0
2009,400,15430.0,15858.0
2009,404,53443.0,51635.0
2009,414,264027.0,425550.0
2009,428,31276.592,26639.0
2009,440,6391515.0,5370389.6
2009,442,864424.0,809345.0
2009,450,3981.338,4222.6
2009,458,5579476.0,20313133.0
2009,480,1070677.0,721006.0
2009,484,22764058.0,49358880.0
2009,490,1440539.0,1784314.0
2009,504,1225.379,600.0
2009,508,55.0,57.0
2009,512,42179.0,49450.0
2009,516,5734.0,1939.0
2009,528,151356054.0,155555056.0
2009,554,101493.0,90149.0
2009,558,38621.0,404050.0
2009,562,1057.0,5000.0
2009,579,6758.391,1716.0
2009,591,33062953.0,54382175.0
2009,600,305570.0,2045400.0
2009,604,177725.0,231313.0
2009,608,53114845.0,209559004.0
2009,616,2120919.0,2457528.0
2009,620,24824126.0,24315352.0
2009,634,7912.0,8132.0
2009,642,854423.83,460423.44
2009,643,253372.0,286657.0
2009,659,46.0,10.0
2009,662,44.0,25.0
2009,670,520.0,2646.0
2009,678,210.0,365.0
2009,699,595657.0,2332222.0
2009,702,9855.0,7447.0
2009,703,272438.0,302594.0
2009,704,2051538.0,2108453.0
2009,705,516129.0,593369.0
2009,710,2966428.0,5076138.0
2009,724,15529032.285,16373580.4
2009,748,68691.422,120614.248
2009,752,60595.0,26000.0
2009,757,203469.811,122768.0
2009,760,17147.0,32689.0
2009,764,1648241.0,3013500.0
2009,768,18119.224,11200.0
2009,780,151620.0,181753.0
2009,792,22765.0,8713.0
2009,800,286470.0,1981312.0
2009,804,455.0,306.0
2009,807,2294.54,585.0
2009,818,170486.3,242401.296
2009,826,17548852.0,21364049.0
2009,834,65008.0,385953.0
2009,842,89096007.0,88108305.0
2009,854,1949.419,396.0
2009,858,636.0,363.0
2009,862,3323.0,22120.0
2009,887,165.0,200.0
2009,894,76.098,108.198
2010,24,440.87,362.0
2010,31,76840.0,60380.0
2010,36,27766.0,12805.0
2010,40,3710893.0,2870522.0
2010,48,36356.0,64260.0
2010,50,6440.0,23644.0
2010,52,2887.0,2069.0
2010,56,67056253.594,69508780.1
2010,64,184.0,222.0
2010,68,527490.22,2612920.74
2010,72,444.378,170.5
2010,76,998318.0,1889842.0
2010,100,52709.0,43040.0
2010,108,32.486,40.0
2010,120,2367604.0,11090209.0
2010,124,92693.0,28285.0
2010,144,1884413.0,899830.0
2010,152,1137.53,1243.0
2010,156,1714898.0,2569058.0
2010,170,554782.0,500248.0
2010,188,677392263.0,1677702259.0
2010,203,2681901.0,2477795.0
2010,204,44452.0,81835.0
2010,208,509410.0,264744.0
2010,212,207597.0,66289.0
2010,214,2595867.0,3817657.0
2010,218,41237850.0,95647134.0
2010,222,680.25,192.14
2010,231,6430.215,17706.75
2010,233,2133.0,1940.0
2010,246,4520.0,5872.0
2010,251,17155407.0,18312100.0
2010,276,41139172.036,36287142.0
2010,288,3530557.763,9971341.0
2010,300,1158915.0,1002517.0
2010,320,6266349.0,10624023.0
2010,328,148917.0,554999.0
2010,340,19780730.0,39520413.0
2010,344,1238725.0,2889141.0
2010,348,5000.0,3000.0
2010,352,280.0,78.0
2010,360,41130.0,67283.0
2010,364,16131.0,30660.0
2010,372,257777.716,204539.0
2010,380,18238936.0,21874940.0
2010,384,21649742.644,54955848.0
2010,388,1428.0,822.0
2010,392,2844.0,105.0
2010,400,45863.0,47920.0
2010,404,63896.0,51569.0
2010,410,18026.0,18921.0
2010,414,15916.0,29400.0
2010,422,3286.0,2494.0
2010,428,395968.0,373911.0
2010,440,13681930.0,11904058.0
2010,442,729557.0,676669.0
2010,450,2452.318,6476.0
2010,458,6901621.0,21904341.0
2010,480,2209440.0,1178563.0
2010,484,25635235.0,53648159.0
2010,490,2101635.0,2118310.0
2010,512,85485.0,72437.0
2010,516,8071.0,5663.0
2010,528,134785340.0,152919321.0
2010,533,174.0,20.0
2010,540,2265.0,1151.0
2010,554,63083.204,44470.0
2010,558,9391.0,76360.0
2010,562,1007.0,10000.0
2010,579,23957.0,20231.0
2010,591,32092924.0,60547247.0
2010,600,397578.0,2512460.0
2010,604,146937.5,106363.72
2010,608,42358598.0,164670381.0
2010,616,3131741.0,3365591.0
2010,620,31780278.0,31973385.0
2010,642,870283.0,382337.0
2010,643,196973.0,178108.0
2010,659,487.0,155.0
2010,662,1082.0,381.0
2010,670,11.0,61.0
2010,682,129867.0,272000.0
2010,688,160.0,40.0
2010,699,882196.0,1198117.0
2010,702,15889.159,6880.0
2010,703,110091.517,104934.0
2010,704,1764807.0,2396797.0
2010,705,653572.0,767500.0
2010,710,4260974.125,3034833.412
2010,724,16294249.775,19350292.9
2010,748,49109.098,62762.244
2010,752,40642.0,46000.0
2010,757,217273.0,49112.0
2010,764,2846717.0,2666375.0
2010,768,422680.297,220446.0
2010,780,167219.0,266065.0
2010,792,16479.0,7967.0
2010,800,247204.0,1745592.0
2010,804,3149.0,998.0
2010,818,188181.0,141941.0
2010,826,15765185.0,19021815.0
2010,834,95979.0,358355.0
2010,842,102923203.0,99287297.0
2010,854,8059.095,692.0
2010,858,1078.0,442.0
2010,862,3010.0,12560.0
2010,882,177.0,40.0
2011,24,841.9,474.0
2011,28,593.0,332.0
2011,36,45238.0,17175.0
2011,40,4335201.0,3502879.0
2011,48,33747.0,36604.0
2011,50,356959.0,19875.0
2011,52,194.0,80.0
2011,56,61393271.05,58764205.35
2011,68,747272.81,3002275.15
2011,72,776.131,230.5
2011,76,1401952.0,2238300.0
2011,100,13770.0,16800.0
2011,104,125350.0,162852.0
2011,108,372.0,875.0
2011,112,1100.0,1719.0
2011,120,2262021.0,10004527.0
2011,124,251267.0,145943.0
2011,144,1795002.0,800723.0
2011,152,147692.86,6668.0
2011,156,2086182.0,2436558.0
2011,170,1387401.0,1796663.0
2011,188,718724545.0,1749362842.0
2011,191,2285.0,1920.0
2011,196,5630.0,2964.0
2011,203,1312506.0,1209870.0
2011,204,19289.0,4415.0
2011,208,628420.0,567070.0
2011,214,2509921.0,4350014.0
2011,218,41805387.0,88632073.0
2011,222,4213.6,359.97
2011,231,4047.813,12170.0
2011,233,15196.0,10910.0
2011,242,1612.0,5393.0
2011,246,1662.0,1941.0
2011,251,18768937.0,19129707.0
2011,276,47938845.081,41687914.0
2011,288,17472031.0,11361640.0
2011,300,1287255.0,1302451.0
2011,320,7041991.0,10990476.0
2011,328,146242.0,373263.0
2011,340,23791540.0,47319215.0
2011,344,3632021.0,8911565.0
2011,348,149000.0,98200.0
2011,352,450.0,115.0
2011,360,2337.0,1164.0
2011,364,875.0,1750.0
2011,372,256226.901,199183.0
2011,380,17240609.0,20480243.0
2011,384,27154492.859,64115637.0
2011,388,470.0,1372.0
2011,392,88175.0,87351.0
2011,398,8000.0,5500.0
2011,400,92806.0,136320.0
2011,414,604777.0,1212720.0
2011,417,15983.0,17810.0
2011,426,68.86,1.0
2011,428,802413.0,699253.0
2011,440,16684991.0,14405770.0
2011,442,448980.0,184844.0
2011,450,1530.091,3727.0
2011,454,2015.127,6000.0
2011,458,5426091.0,18159680.0
2011,480,3321528.0,1563609.0
2011,484,17217842.0,38068772.0
2011,490,2699065.0,2955451.0
2011,512,108986.0,133383.0
2011,516,4308.0,1005.0
2011,524,161.0,1200.0
2011,528,185743528.458,198655079.0
2011,540,7650.0,3560.0
2011,548,25.0,45.0
2011,554,126933.665,77607.0
2011,558,13457.0,51931.0
2011,579,4307.0,3260.0
2011,586,9073.0,13060.0
2011,591,31629035.0,65613783.311
2011,600,1056390.0,2933990.0
2011,604,390576.95,40060.67
2011,608,67491085.0,263091753.0
2011,616,3360453.0,3701781.0
2011,620,32317172.0,33054585.0
2011,642,328675.0,239470.0
2011,643,184268.0,108706.0
2011,646,239.208,200.0
2011,662,37.0,100.0
2011,670,61.0,328.0
2011,682,110133.0,193000.0
2011,688,1879.0,2469.0
2011,699,1280998.0,2966092.0
2011,702,13083.529,6860.0
2011,703,90678.908,92708.0
2011,704,7058139.0,9169827.0
2011,705,433959.0,465336.0
2011,710,3909440.715,2905109.22
2011,716,202.8,110.0
2011,724,23618187.92,23477426.5
2011,736,720.0,2400.0
2011,748,35110.744,93237.147
2011,752,30526.0,16000.0
2011,757,334846.0,158054.0
2011,764,2860705.0,2326242.0
2011,768,920062.505,446288.0
2011,780,238105.106,1049664.0
2011,788,9057.0,16500.0
2011,792,12519.0,4882.0
2011,800,387474.0,2298705.0
2011,804,1963.0,231.0
2011,807,27.0,6.0
2011,818,54964.0,62725.0
2011,826,22661138.0,25789479.0
2011,834,125008.0,512896.0
2011,842,107677413.0,103318895.0
2011,858,418.0,141.0
2011,862,18413.0,42220.0
2011,882,87.0,151.0
2012,24,1470.52,474.0
2012,28,4042.0,3785.0
2012,36,64808.0,36388.0
2012,40,3104227.782,2603760.0
2012,48,87423.0,136461.0
2012,50,510727.0,86200.0
2012,56,40978942.242,42632021.99
2012,68,806193.18,2748469.64
2012,72,383.449,622.5
2012,76,851439.0,1356500.0
2012,100,3380.0,8520.0
2012,104,286494.0,534224.0
2012,108,2581.0,21010.0
2012,112,38600.0,69627.0
2012,116,48.0,230.0
2012,120,1787165.0,9347767.0
2012,124,120423.0,36858.0
2012,132,26.0,24.0
2012,144,1512975.0,475506.0
2012,152,265738.19,13616.15
2012,156,1987867.0,1925884.0
2012,170,1537565.0,1643974.0
2012,188,794794488.0,1886002450.0
2012,191,60.0,5.0
2012,203,1114584.0,970013.0
2012,204,5987.0,1430.0
2012,208,481787.0,430403.0
2012,212,67318.0,58122.0
2012,214,2499307.0,4508619.0
2012,218,30316917.0,61986883.0
2012,222,4212.2,2579.49
2012,231,2671.896,6645.0
2012,233,2405.0,1228.0
2012,242,9089.0,8190.0
2012,246,149.0,99.0
2012,251,11255778.0,12921222.0
2012,268,348.0,334.0
2012,276,32840834.962,31942487.002
2012,288,3056481.0,7968188.0
2012,300,768728.0,823435.0
2012,320,7598021.0,22898430.0
2012,328,112539.0,259966.0
2012,340,45894161.0,92462151.0
2012,344,4914584.0,9018673.0
2012,348,300903.0,251416.0
2012,352,1100.0,711.0
2012,360,114783.0,92181.0
2012,372,381084.086,278377.0
2012,380,10263741.0,11343206.0
2012,384,23302947.173,58910648.0
2012,388,608.0,239.0
2012,400,25859.0,21600.0
2012,410,476.0,8.0
2012,428,708463.0,635079.0
2012,440,18838245.0,17919119.0
2012,442,504849.0,168179.0
2012,450,71289.843,46176.57
2012,458,5542471.0,18634361.0
2012,480,3943664.0,1700012.0
2012,484,23857805.0,56405323.0
2012,490,3502880.0,4276335.0
2012,499,7.0,4.0
2012,512,45495.0,68670.0
2012,516,4282.0,1066.0
2012,524,235.0,2000.0
2012,528,199607086.875,219961486.0
2012,554,71315.827,36429.0
2012,566,34917.0,23.0
2012,579,28787.0,22945.0
2012,591,37132528.0,79855286.0
2012,600,761380.0,1540600.0
2012,604,337970.46,35786.24
2012,608,101361933.0,397349427.0
2012,616,4580894.0,4125839.0
2012,620,11101537.0,13162316.0
2012,642,349940.0,283965.0
2012,643,76421.0,46913.0
2012,659,65.0,23.0
2012,682,104533.0,111000.0
2012,699,1455198.0,2720824.0
2012,702,14252.52,7647.6
2012,703,1093879.633,1154814.0
2012,704,253396.0,
2012,705,374309.0,428215.0
2012,710,4649344.425,3433812.25
2012,724,22240534.799,24571398.8
2012,748,7903.538,33671.5
2012,752,28634.982,25866.667
2012,757,82808.044,55005.96
2012,764,2543884.0,3251338.0
2012,768,887290.164,613871.0
2012,776,29.0,9.0
2012,780,177544.133,0.0
2012,784,9254833.0,12543608.0
2012,792,29664.0,28418.0
2012,800,207799.0,521558.0
2012,804,2414.0,253.0
2012,818,102647.0,147696.0
2012,826,5209531.0,5752329.0
2012,834,135659.0,639505.0
2012,842,111845514.0,112896409.0
2012,858,1010.0,288.0
2012,882,9.0,10.0
2012,894,109.417,128.16
2013,24,1499.8,412.0
2013,28,1735.0,1127.0
2013,36,65914.0,32169.0
2013,40,2601359.271,1714270.0
2013,48,41805.0,69288.0
2013,56,37666029.955,34597438.71
2013,68,829694.44,2440642.15
2013,72,346.72,415.1
2013,76,934648.0,1142264.0
2013,100,9076.0,8360.0
2013,104,62407.0,116370.0
2013,108,501.0,3800.0
2013,112,134400.0,336883.0
2013,120,531550.0,2511852.0
2013,124,163861.0,64351.0
2013,144,2959338.0,5518267.0
2013,152,560391.47,89038.0
2013,156,2424512.0,2105012.0
2013,170,1814066.0,638313.0
2013,188,831365029.0,1961491487.0
2013,191,4821.0,6288.0
2013,196,973.51,660.0
2013,203,920868.0,681038.0
2013,204,159909.0,1118493.0
2013,208,411677.0,272146.0
2013,212,50439.705,47474.0
2013,214,4495217.0,4147543.0
2013,218,25862589.0,51789465.0
2013,222,8329.53,736.53
2013,231,732.028,2138.0
2013,233,3671.0,2971.0
2013,242,4867.0,6584.0
2013,246,2339.0,1301.0
2013,251,10633175.0,11527139.0
2013,268,63708.0,44970.0
2013,276,30106671.532,25723276.616
2013,288,4509636.0,8542310.0
2013,300,598809.0,628759.0
2013,308,114.444,90.0
2013,320,7506122.0,21752136.0
2013,324,2860.0,1426.0
2013,328,126409.0,267778.0
2013,344,3405059.0,6349401.0
2013,348,255671.0,225002.0
2013,352,624.0,383.0
2013,360,107093.0,110634.0
2013,372,280535.709,198792.0
2013,380,14608273.0,15751076.0
2013,384,19265521.431,47251233.0
2013,388,201.0,78.0
2013,398,2115.0,1760.0
2013,400,20831.0,17400.0
2013,404,128122.0,97619.0
2013,410,1374.0,506.0
2013,414,221544.0,921445.0
2013,428,555330.0,491880.0
2013,440,19362167.0,16740204.0
2013,442,532269.0,212277.0
2013,450,93150.156,56335.53
2013,458,5612883.0,17580299.0
2013,480,4177819.0,1707635.0
2013,484,24483316.0,56997474.0
2013,490,4940881.0,4890042.0
2013,499,357.0,129.0
2013,512,28879.0,32130.0
2013,516,1401.0,346.0
2013,528,215427108.148,219788755.0
2013,554,100892.633,63522.0
2013,566,19147.0,23000.0
2013,579,93836.0,75765.0
2013,591,44135188.0,93057325.0
2013,600,778969.0,1271700.0
2013,604,35466.86,15833.76
2013,608,153687928.0,489954684.0
2013,616,4902227.0,4092704.0
2013,620,17939227.0,21406399.0
2013,642,230974.0,184302.0
2013,643,110926.0,66931.0
2013,659,6.0,
2013,682,494401.0,517000.0
2013,688,57633.0,72412.0
2013,699,1986526.0,3091862.0
2013,702,28357.586,15730.0
2013,703,833779.199,815658.177
2013,704,72780.0,135713.0
2013,705,474255.0,471713.0
2013,710,4543237.096,3482413.43
2013,724,22520898.662,20342572.2
2013,748,1869.594,12197.0
2013,752,213440.491,51221.098
2013,757,73992.084,23211.384
2013,764,1911168.0,1977226.0
2013,768,1075952.107,879979.0
2013,776,135.0,80.0
2013,780,141073.029,925505.0
2013,784,9858270.655,12089419.6
2013,792,352462.0,432931.0
2013,800,302874.0,815154.0
2013,804,2289.0,291.0
2013,807,64.0,10.0
2013,818,51158.0,64480.0
2013,826,6147105.0,6252930.0
2013,834,177870.0,714703.0
2013,842,111528048.0,113708115.0
2013,854,3830.412,360.0
2013,858,2424.0,724.0
2013,862,56829.0,89641.0
2013,882,474.0,600.0
2014,24,2181.76,789.0
2014,36,130935.0,56540.0
2014,40,2548243.566,1560238.0
2014,48,29335.0,54326.0
2014,52,494.0,356.0
2014,56,36498810.565,37623499.28
2014,68,878183.03,2598613.04
2014,72,684.102,590.0
2014,76,1067073.0,1355504.0
2014,84,63.0,50.0
2014,100,6126.0,4419.0
2014,104,378713.5,3349500.0
2014,108,618.0,2440.0
2014,112,318000.0,963963.0
2014,120,305066.0,1318582.0
2014,124,528231.0,89471.0
2014,144,4915703.0,2199873.0
2014,152,1344824.01,41848.0
2014,156,1936957.0,1708558.0
2014,170,2090372.0,3209055.0
2014,188,889148139.0,2126929305.0
2014,191,12987.0,6406.0
2014,196,4292.387,3502.0
2014,203,828575.0,737567.0
2014,204,191377.0,1016087.0
2014,208,424412.0,259926.0
2014,214,3689629.729,4844901.335
2014,218,26947830.0,55544548.0
2014,222,8377.85,1066.7
2014,231,183.218,185.0
2014,233,9412.0,5773.0
2014,242,17722.0,13863.0
2014,246,3967.0,2205.0
2014,251,9140658.0,9212473.0
2014,268,360189.16,281714.5
2014,276,25998638.508,22875588.573
2014,288,16636030.781,31940333.09
2014,300,562142.0,593805.0
2014,320,7939400.0,25090959.0
2014,324,57200.0,23054.0
2014,328,147799.0,327130.0
2014,340,22049976.0,51258325.0
2014,344,5291068.0,4876514.0
2014,348,409144.0,365002.0
2014,352,802.0,184.0
2014,360,67196.0,72921.0
2014,364,8801.0,12311.0
2014,372,193854.866,176580.0
2014,380,16520992.0,17992724.0
2014,384,16202989.958,39489106.0
2014,388,943.559,420.32
2014,398,12513.0,12032.0
2014,410,8918.0,9967.164
2014,414,309967.0,1538845.0
2014,417,95.0,60.0
2014,428,580873.39,526957.0
2014,440,10772080.0,10348875.0
2014,442,557459.0,213471.0
2014,450,32612.45,7217.58
2014,458,7442514.0,23584648.0
2014,480,4006234.0,1816369.0
2014,484,19706726.0,41269850.0
2014,490,9161688.0,9021846.0
2014,504,363.0,100.0
2014,512,15945.382,19500.0
2014,516,2956.0,1404.0
2014,528,254933901.821,274009078.0
2014,554,99860.123,56941.0
2014,558,26644.0,146610.0
2014,566,6149.0,7906.0
2014,579,62950.0,20469.0
2014,591,31905912.0,67038238.0
2014,600,969360.0,1565200.0
2014,604,26769.91,8979.0
2014,608,147704740.0,461855936.0
2014,616,2556270.0,2567402.0
2014,620,4513133.0,4749545.0
2014,642,211920.0,154389.0
2014,643,212527.0,174557.0
2014,659,7.0,2.0
2014,670,3.704,20.0
2014,682,732924.0,1011000.0
2014,686,1210.0,149.0
2014,688,83535.0,129345.0
2014,699,2862891.0,3468702.0
2014,702,37846.385,23450.0
2014,703,592511.446,620549.0
2014,704,235968.0,303399.0
2014,705,432432.0,486972.0
2014,710,3833238.765,3331197.67
2014,724,29422654.888,31549230.7
2014,748,694.208,4975.15
2014,752,330979.376,75500.0
2014,757,121997.877,68271.0
2014,764,2417992.0,1508882.0
2014,768,1278815.687,987874.0
2014,776,1348.0,1640.0
2014,780,86533.266,0.0
2014,784,9673922.079,11149340.8
2014,792,453830.0,863832.0
2014,800,150156.0,670592.0
2014,804,3304.0,241.0
2014,807,736.0,145.0
2014,818,7489.0,14600.0
2014,826,5654467.0,5304193.0
2014,834,117365.0,17334.0
2014,842,115204000.0,121928252.0
2014,858,3375.0,1091.0
2014,882,1091.0,3015.0
2015,24,5352.94,1255.0
2015,36,67737.0,25325.0
2015,40,2618126.407,1880806.0
2015,48,51817.945,86260.0
2015,50,1409.0,5600.0
2015,56,8588844.052,8532820.52
2015,68,859798.78,2641312.5
2015,72,844.386,792.1
2015,76,1023310.0,1576024.0
2015,84,1190.0,395.0
2015,100,20616.0,15649.0
2015,104,783053.16,8052000.0
2015,108,1131.0,6425.0
2015,112,309600.0,1414149.0
2015,116,150.0,100.0
2015,120,175475.0,914945.0
2015,124,1069705.254,186538.0
2015,144,5069226.0,1720890.0
2015,152,1317435.68,40393.6
2015,156,2443239.0,1855912.0
2015,170,3458353.0,4882648.0
2015,188,821873209.0,1902031034.0
2015,191,557026.0,204150.0
2015,196,5721.759,4180.0
2015,203,594410.0,464093.0
2015,204,59229.69,435939.0
2015,208,797602.0,360717.0
2015,214,4978753.733,6875178.971
2015,218,31966822.0,66076311.0
2015,222,3525.06,768.34
2015,231,629.802,378.0
2015,233,20304.0,15405.0
2015,242,7316.375,7529.55
2015,246,1842.0,276.0
2015,251,10375469.0,9964117.0
2015,268,641432.6,529132.8
2015,276,23323004.643,21643732.292
2015,288,13584156.822,29356027.54
2015,300,647244.0,847201.0
2015,320,8512499.0,27505533.0
2015,328,180105.321,286599.39
2015,340,26156126.0,60031400.0
2015,344,4559583.17,4095666.0
2015,348,369780.0,341496.0
2015,352,4268.0,1164.0
2015,360,653636.0,873674.0
2015,372,229782.361,212043.0
2015,376,29000.0,33187.192
2015,380,13087425.132,13253932.0
2015,384,12124345.672,34843640.0
2015,388,1983.0,911.0
2015,392,35783.0,6807.0
2015,398,8824.0,10351.0
2015,400,54296.0,42422.0
2015,404,119968.4,63163.0
2015,410,1754.0,257.0
2015,414,32991.274,187930.0
2015,422,736.576,133.0
2015,428,524019.054,535815.449
2015,440,1971417.0,2724171.0
2015,442,354411.0,146618.0
2015,450,89128.038,16371.49
2015,458,7218957.0,22729715.0
2015,480,3360443.0,1822399.0
2015,484,36087906.0,41298491.847
2015,490,26407038.0,22773474.0
2015,504,5607.272,17600.0
2015,508,6.07,3.0
2015,512,100015.596,135906.0
2015,516,38.0,37.0
2015,528,168542958.321,180019834.0
2015,554,29991.763,17824.0
2015,558,7452.0,48614.0
2015,579,19353.104,4800.0
2015,591,21826687.0,45978555.0
2015,600,763560.0,1313200.0
2015,604,6740.2,273.5
2015,608,105374061.0,267789452.0
2015,616,1473188.0,1673712.0
2015,620,3688477.819,4001734.236
2015,642,99057.0,75408.0
2015,643,299459.0,197082.0
2015,646,38163.464,3141.0
2015,678,98.0,10.0
2015,682,1860668.916,2176858.0
2015,688,48041.0,72264.0
2015,690,261.26,166.0
2015,699,2491300.0,2961834.0
2015,702,52856.824,61310.0
2015,703,972627.943,1054325.0
2015,704,417347.0,514460.0
2015,705,221550.0,256948.0
2015,710,3712388.578,2902671.8
2015,724,24393351.751,26418177.15
2015,748,166.472,1648.0
2015,752,550884.923,99708.369
2015,757,163788.631,102436.0
2015,764,1643390.18,1597062.648
2015,768,1246754.178,1175152.0
2015,780,20873.411,12264.0
2015,784,4282808.705,6263840.7
2015,792,275478.0,472076.0
2015,800,319563.0,1012003.0
2015,804,377.0,66.0
2015,807,22.9,5.0
2015,818,15364.189,17582.562
2015,826,12785031.0,14016392.0
2015,834,168721.0,47860.0
2015,842,103128995.0,113920454.0
2015,858,8919.0,3132.0
2016,24,1172.04,25366.0
2016,28,19.0,18.0
2016,36,22704.0,11994.0
2016,40,2811762.75,1994190.643
2016,48,151879.771,
2016,50,285.925,28.0
2016,56,16034644.633,25781153.38
2016,60,611.0,433.0
2016,68,588942.17,1432484.9
2016,72,1494.0,701.0
2016,76,1598088.0,3014194.0
2016,84,2477.0,614.0
2016,100,16073.157,2105.0
2016,104,671202.27,2940000.0
2016,108,3718.0,32425.0
2016,112,7900.0,41984.0
2016,120,111936.0,1282173.0
2016,124,770884.175,157089.0
2016,144,3952663.0,1451937.0
2016,152,263581.0,8260.0
2016,156,4057886.0,4652095.672
2016,170,9767848.0,15182542.0
2016,188,905310883.0,2019401350.0
2016,191,484481.0,240847.0
2016,192,806991.17,1086231.0
2016,196,5712.726,3960.0
2016,203,670470.0,588678.0
2016,204,359142.886,1562898.0
2016,208,840002.429,391187.0
2016,212,168836.498,58235.0
2016,214,5122067.235,6685375.479
2016,218,37473758.0,73989528.0
2016,222,5347.85,1271.93
2016,231,11335.318,11105.0
2016,233,17270.904,9771.6
2016,242,1033.846,553.1
2016,246,366446.0,496849.0
2016,251,9328786.0,8102068.0
2016,268,571243.55,498573.8
2016,276,18248079.901,15770605.566
2016,288,8469351.693,16969711.03
2016,300,816819.0,1045089.0
2016,320,12277816.0,35734199.0
2016,324,5059.39,1007.0
2016,328,200898.0,327961.0
2016,340,26429730.0,58817065.0
2016,344,1264427.262,1455303.0
2016,348,447252.0,396525.0
2016,352,5180.0,1196.0
2016,360,1483015.0,1904051.0
2016,372,241798.533,226851.0
2016,380,15106061.175,14710264.0
2016,384,9184360.583,25429463.0
2016,388,1339.0,797.0
2016,392,43766.0,7064.0
2016,398,4094.0,12007.0
2016,400,19456.0,40500.0
2016,404,175433.91,111901.0
2016,410,7362.0,427.0
2016,414,227134.302,1005473.0
2016,422,137.0,16.0
2016,428,481143.062,487854.0
2016,440,1136268.0,1161943.9
2016,442,334713.0,141269.0
2016,450,143600.794,53553.74
2016,458,7450560.0,22779006.0
2016,480,3014399.872,1803786.0
2016,484,42096678.0,48261033.831
2016,490,39190366.0,29074600.0
2016,499,116.444,39.15
2016,504,854.0,1180.0
2016,508,4923.52,3074.0
2016,512,343094.898,53474.0
2016,524,105.072,332.0
2016,528,229152014.951,247117703.0
2016,554,37538.253,19680.0
2016,558,31290.17,141474.94
2016,566,9988.0,13694.0
2016,579,26736.0,14840.0
2016,591,14218701.0,30855871.0
2016,600,1113420.0,2122400.0
2016,604,152308.18,110803.57
2016,608,228412344.0,566928131.0
2016,616,2225627.0,2492593.0
2016,620,5883441.263,5528095.0
2016,642,25706.0,18381.0
2016,643,296346.58,281465.3
2016,646,41952.456,3304.0
2016,662,185.0,127.0
2016,678,581.0,29.0
2016,682,1840754.634,2789000.0
2016,688,88455.0,106262.0
2016,699,3159944.0,3953371.0
2016,702,32286.785,21850.0
2016,703,1252817.167,1206351.0
2016,704,209090.51,239708.325
2016,705,358153.14,400639.54
2016,710,3372270.12,2636084.45
2016,724,30433152.74,29489519.3
2016,748,337.056,2896.0
2016,752,745330.358,151355.741
2016,757,119168.674,59419.096
2016,764,1560158.26,1878927.241
2016,768,804934.808,870496.0
2016,780,27314.876,16870.0
2016,784,3961601.414,5046734.89
2016,792,102949.0,175337.0
2016,800,879329.0,2481486.0
2016,804,2484.78,683.45
2016,807,146.85,25.0
2016,818,20674.035,23701.403
2016,826,13216193.0,11572157.0
2016,834,184319.0,75115.0
2016,842,101475969.0,120346267.0
2016,858,6141.0,2240.0
2016,882,19.0,7.0
2017,24,9017.25,
2017,28,248.148,150.66
2017,36,85735.212,28703.0
2017,40,1971693.022,1416305.822
2017,48,85857.462,140302.0
2017,56,4136599.483,3624021.91
2017,68,350357.73,808090.9
2017,70,2809.68,4419.0
2017,72,650.261,297.9
2017,76,2004148.0,3869527.0
2017,84,4450.5,499.659
2017,100,5493.663,314.0
2017,104,401272.76,2620450.0
2017,108,2884.17,15500.0
2017,112,1900.0,3704.0
2017,116,20034.05,22889.33
2017,120,81663.429,1888146.0
2017,124,675757.152,119213.0
2017,144,5027595.194,1205787.76
2017,152,68611.0,3533.0
2017,156,6734742.0,5339639.586
2017,170,10567300.13,16683610.56
2017,188,1044952699.784,2160320002.0
2017,191,713171.0,339433.23
2017,192,382671.53,440093.49
2017,196,3638.703,2640.0
2017,203,650243.0,660439.423
2017,204,284108.413,999791.0
2017,208,756905.966,429109.0
2017,212,116873.965,42642.0
2017,214,4402171.147,5185635.846
2017,218,44339843.79,83705008.85
2017,222,5929.42,1210.34
2017,231,1684.732,1597.28
2017,233,13556.842,9419.5
2017,242,1100.842,1025.0
2017,246,52418.031,36204.0
2017,251,9662014.079,8639279.0
2017,258,76.681,26.0
2017,268,514075.68,463635.5
2017,276,17286895.688,15755661.237
2017,288,12361849.11,23849097.98
2017,300,1088129.059,1514392.0
2017,320,14420652.0,40347344.0
2017,328,168580.149,377529.43
2017,332,494.373,212.0
2017,340,29351870.32,59013141.5
2017,344,439331.146,439424.0
2017,348,262990.0,244357.0
2017,352,2350.398,410.0
2017,360,5905906.39,9605387.9
2017,372,473949.756,520595.0
2017,380,18743660.374,21081868.0
2017,384,12193134.385,31944372.0
2017,388,6099.35,2548.6
2017,392,27992.503,5860.0
2017,398,166150.6,155793.0
2017,404,255415.711,309421.0
2017,410,20585.0,17500.62
2017,414,260184.293,524448.0
2017,417,170955.0,71400.0
2017,422,17107.0,19545.113
2017,428,699641.945,767113.955
2017,440,1251111.0,1319345.2
2017,442,383832.538,143526.0
2017,450,82299.548,32613.4
2017,458,8213689.309,22470346.0
2017,480,3098033.835,2034952.0
2017,484,40813507.0,46630303.566
2017,490,37282766.53,27439186.0
2017,499,162.473,40.5
2017,504,78669.566,45745.0
2017,508,20534.19,22734.0
2017,512,180915.458,208047.0
2017,516,80.044,46.0
2017,524,57.465,600.0
2017,528,181799964.2,192412293.0
2017,554,58516.493,30148.0
2017,558,54651.08,91774.68
2017,579,9978.896,2107.0
2017,591,13199512.0,28188996.0
2017,600,856574.0,1864050.0
2017,604,277028.43,70391.53
2017,608,201087026.0,495439547.8
2017,616,2621005.0,2945670.239
2017,620,29158472.447,31995692.0
2017,642,20165.24,17205.7
2017,643,333919.22,402973.74
2017,646,220295.941,18037.6
2017,662,2512.964,1802.0
2017,670,45.556,245.0
2017,682,2109135.968,2304414.0
2017,688,39381.0,41869.0
2017,699,4826606.788,5175661.223
2017,702,42298.382,30320.0
2017,703,1662236.347,1658515.0
2017,704,417787.5,477331.143
2017,705,1111694.37,1404213.67
2017,710,4074516.054,4747838.65
2017,724,33002196.895,31168052.59
2017,752,193531.128,70363.805
2017,757,116947.513,70821.0
2017,762,30.0,15.0
2017,764,5983546.71,9160555.067
2017,768,1641870.954,1871544.0
2017,776,47.362,150.0
2017,780,36340.167,21166.619
2017,784,9269156.242,7152248.0
2017,792,518480.0,986296.0
2017,800,798930.2,3469851.71
2017,804,2513.45,643.3
2017,807,79.79,10.0
2017,818,8635.059,9865.739
2017,826,15048969.735,17642521.0
2017,834,181197.07,18041.0
2017,842,97160233.0,121850615.0
2017,858,5735.0,1812.47
2017,882,129.784,264.0
2018,24,3904.82,5113.0
2018,28,117.592,53.62
2018,36,28487.488,12043.0
2018,40,1779023.145,1301938.0
2018,48,319013.054,214576.32
2018,50,789.122,544.0
2018,56,5407530.75,5704230.82
2018,60,140.9,76.0
2018,68,175222.44,435412.4
2018,70,766.93,260.0
2018,72,1452.217,1292.9
2018,76,700006.0,1561378.0
2018,84,1694.7,190.26
2018,90,37.677,41.259
2018,100,14133.617,1659.0
2018,104,1383993.8,4495560.0
2018,108,112.178,120.0
2018,112,1800.0,280.0
2018,116,46452.43,50868.492
2018,120,121656.29,1962017.0
2018,124,1342702.325,429184.0
2018,152,10077.0,1443.0
2018,156,7510917.0,5971710.0
2018,170,9227881.82,15548585.879
2018,188,1038151823.81,2333923603.0
2018,191,520587.0,221652.71
2018,192,279923.2,385935.8
2018,196,127.543,105.0
2018,203,1392320.0,1322812.601
2018,204,234937.903,842586.0
2018,208,900603.132,727098.0
2018,212,58214.688,15605.0
2018,218,41150463.71,80749713.12
2018,222,5565.7,586.92
2018,231,870.139,1460.0
2018,233,13139.124,7971.6
2018,242,3438.276,3609.25
2018,246,9655.697,6842.0
2018,251,6155311.356,6740474.146
2018,258,120.133,23.0
2018,268,481721.579,463849.0
2018,276,22962504.192,20802009.0
2018,288,10349741.336,20036053.49
2018,300,1625151.513,2219783.0
2018,320,11336986.0,34190694.0
2018,328,228588.413,312435.721
2018,340,32175251.44,71448523.0
2018,344,291036.102,400815.0
2018,348,330585.0,353612.0
2018,352,4424.851,529.0
2018,360,8279630.94,13366449.4
2018,364,280.0,400.0
2018,372,479746.029,474079.0
2018,376,10000.0,10950.663
2018,380,17600608.93,20824007.0
2018,384,12093707.206,30469374.0
2018,388,248.34,300.32
2018,392,27922.828,4553.0
2018,398,39757.23,575110.0
2018,404,396655.003,523612.0
2018,410,7373.0,338.56
2018,414,245192.0,511768.0
2018,417,3915.0,4350.0
2018,422,24326.0,26638.583
2018,428,623903.903,649011.0
2018,440,1161052.0,1329130.1
2018,442,534123.201,244796.015
2018,450,48296.141,17720.75
2018,458,6896225.178,19574928.0
2018,480,2462044.15,1741648.0
2018,484,30538706.0,33441908.349
2018,490,42231103.88,31927263.0
2018,499,24.186,5.25
2018,504,10042.421,9653.0
2018,508,28701.92,4235.0
2018,512,67417.419,80320.0
2018,528,205862394.648,233612617.0
2018,531,55.866,61.177
2018,533,5931.843,1935.0
2018,554,106311.843,67506.0
2018,558,15254.2,4972.55
2018,562,3598.94,20000.0
2018,579,17165.493,3415.0
2018,591,13622113.0,28175970.0
2018,600,535500.0,1894200.0
2018,604,585460.13,191380.4
2018,608,191978879.0,442107808.9
2018,616,2941906.0,3791583.391
2018,620,26301645.614,29894343.0
2018,642,17497.5,18019.2
2018,643,466531.07,655755.0
2018,646,265173.66,23538.0
2018,662,660.85,456.71
2018,670,61.111,328.0
2018,682,880084.377,963750.758
2018,688,71507.0,112239.0
2018,699,3672221.249,4060294.165
2018,702,48758.005,40500.0
2018,703,2212952.746,2318586.0
2018,704,423807.97,464097.833
2018,705,1159170.01,1609967.1
2018,710,3492532.26,2903125.8
2018,724,40735847.283,39777575.6
2018,748,25.41,17.0
2018,752,457632.21,432152.813
2018,757,77378.582,45287.11
2018,764,10387183.88,17423289.201
2018,768,2686363.721,3297470.0
2018,776,210.322,312.5
2018,780,35865.687,26780.0
2018,784,16278931.103,17044264.99
2018,792,595679.0,892787.0
2018,800,1357302.32,6708994.0
2018,804,2797.61,947.06
2018,807,357.08,203.0
2018,818,26357.687,28863.415
2018,826,20679490.055,27046425.0
2018,834,988501.224,
2018,842,90386612.0,109381455.0
2018,858,6313.0,2589.64
2018,882,518.234,466.67
2019,24,7540.34,8301.25
2019,28,883.585,335.26
2019,31,321.18,4.2
2019,36,33066.237,17524.0
2019,40,1693097.14,1305963.0
2019,48,132114.24,96836.2
2019,51,1550.0,500.0
2019,56,9552478.126,11005013.44
2019,60,870.0,544.8
2019,68,79749.6,216952.0
2019,70,3887.05,1040.0
2019,72,1817.108,1330.1
2019,76,1010314.0,2216502.337
2019,84,242.1,27.18
2019,100,11375.308,1611.0
2019,104,857159.84,3926416.32
2019,108,334.303,1365.0
2019,112,12300.0,13784.0
2019,116,45071.32,2126.77
2019,120,218840.82,1510260.0
2019,124,607318.378,95222.0
2019,132,53.221,4.0
2019,144,2041005.435,643840.33
2019,152,198506.02,7671.0
2019,156,6742785.0,5860346.0
2019,170,5441983.37,
2019,188,981012217.1,2216371738.0
2019,191,405432.0,176217.057
2019,192,151886.11,204214.83
2019,203,1008611.0,869080.0
2019,204,303657.393,903684.0
2019,208,418967.208,365403.0
2019,212,91199.023,22350.0
2019,214,5502250.487,6800382.401
2019,218,42693863.26,89002245.83
2019,222,3161.46,390.94
2019,231,12585.31,35234.79
2019,233,27419.749,9894.4
2019,242,3577.581,3690.4
2019,246,34005.717,484.383
2019,251,6973436.056,7345919.409
2019,258,128.306,14.0
2019,268,895871.77,848145.8
2019,276,19274934.616,18026430.282
2019,288,9798389.454,18957334.07
2019,300,1776741.162,2265213.0
2019,320,45214458.0,72648554.0
2019,328,121348.987,227499.36
2019,340,33388921.01,78359984.0
2019,344,493546.388,614939.0
2019,348,1835249.0,1913828.0
2019,352,717.381,135.0
2019,360,12828766.331,21659743.4
2019,364,250.105,100.0
2019,372,602064.85,543187.0
2019,376,86000.0,100335.931
2019,380,16223461.509,18001104.0
2019,384,11713043.366,32064161.2
2019,388,5659.582,1294.3
2019,392,86012.408,15569.0
2019,398,19254.8,38207.7
2019,400,65663.394,60480.0
2019,404,7264503.58,10459030.5
2019,410,7060.0,324.78
2019,414,8990.0,57400.0
2019,417,2665.0,3910.0
2019,418,7356930.0,1941300.0
2019,422,17181.19,2620.04
2019,428,578573.533,660024.252
2019,440,1464786.0,1546306.61
2019,442,542960.383,257910.9
2019,450,19877.29,6797.0
2019,458,6074864.329,17852227.2
2019,480,2529846.82,1855340.0
2019,484,29578140.0,36439345.608
2019,490,65352013.31,51477070.0
2019,498,70.0,3.0
2019,499,439.786,192.55
2019,504,1969.157,3213.1
2019,508,59830.4,607299.0
2019,512,160379.699,157019.0
2019,528,217397675.384,245272555.0
2019,531,223.462,400.0
2019,533,712.29,397.75
2019,554,88400.734,56677.0
2019,558,33641.53,2264.39
2019,562,136.539,10000.0
2019,579,52752.513,40449.0
2019,591,9842657.0,21183431.0
2019,600,712325.0,2291880.0
2019,604,817071.13,248203.7
2019,608,327919360.0,403986420.062
2019,616,4242966.0,5624971.0
2019,620,27884879.297,35781990.0
2019,642,32720.06,37511.139
2019,643,434220.74,549354.49
2019,646,206534.85,18321.0
2019,682,1716208.49,2114315.313
2019,688,9178.0,12767.0
2019,699,3920982.619,6449527.645
2019,702,60131.487,44890.0
2019,703,2427532.281,2529916.0
2019,704,330936.93,386103.081
2019,705,1106366.46,1398343.77
2019,710,3849381.504,3327647.45
2019,724,35104282.503,36523415.91
2019,748,777.72,4720.0
2019,752,85850.08,44000.0
2019,757,87084.301,77556.0
2019,764,9926005.022,14995686.395
2019,768,2260366.155,3439920.0
2019,776,160.594,509.6
2019,780,20436.786,8954.0
2019,784,15782804.508,17631018.12
2019,792,1060277.0,2122445.0
2019,800,1460283.91,4277497.0
2019,804,2403.75,764.94
2019,807,334.08,70.0
2019,818,55946.4,68924.219
2019,826,23043204.692,27050842.0
2019,834,206159.84,246142.0
2019,842,93306200.0,106060163.0
2019,858,3306.0,1550.99
2019,882,226.51,522.49
2020,24,15991.0,66460.95
2020,31,91.76,4.8
2020,36,19963.042,9151.0
2020,40,964200.766,681952.588
2020,48,119007.4,72467.0
2020,51,3500.0,1000.0
2020,56,2920954.701,2028343.04
2020,68,55002.62,140620.0
2020,70,11021.29,11590.0
2020,72,399.792,218.0
2020,76,2334392.0,4695578.0
2020,84,3228.0,362.4
2020,100,10139.056,790.0
2020,104,268131.56,1874767.96
2020,112,2500.0,4540.0
2020,116,564.0,380.0
2020,120,122795.01,851173.2
2020,124,612798.237,62267.0
2020,144,1932913.315,651970.56
2020,152,69132.29,3344.0
2020,156,3108961.0,2115180.0
2020,170,4390174.33,5822139.94
2020,188,922741124.47,2047287015.0
2020,191,543259.0,164512.82
2020,192,80587.3,98186.2
2020,203,764474.0,605674.0
2020,204,330255.254,889059.0
2020,208,548089.675,444193.0
2020,212,88949.911,27540.0
2020,214,5944114.74,9450151.055
2020,218,41339220.476,84266955.22
2020,222,1717.0,249.46
2020,231,9828.69,36923.0
2020,233,6891.54,4566.86
2020,242,4184.332,3648.75
2020,246,69837.29,56285.0
2020,251,7334956.21,6723448.262
2020,258,114.602,30.0
2020,268,759466.341,764029.45
2020,276,17106989.102,15577387.0
2020,300,1706949.101,1988513.0
2020,320,40369701.0,67330739.0
2020,328,128484.81,158342.0
2020,340,37348698.35,84743360.0
2020,344,465625.632,571179.0
2020,348,2498694.0,2442144.638
2020,352,4937.82,1097.0
2020,360,3803933.553,6419085.0
2020,364,238.0,22.0
2020,372,317251.792,268249.0
2020,380,17988712.078,19621055.0
2020,384,10605695.29,26062547.0
2020,388,4028.33,3574.73
2020,392,63771.539,11600.0
2020,398,67293.5,89375.0
2020,400,47604.235,0.0
2020,404,14893922.03,22371463.0
2020,410,5373.0,233.578
2020,414,21882.0,39845.0
2020,417,59683.0,85670.0
2020,422,64.0,31.0
2020,428,574202.539,537394.0
2020,440,1546829.0,1488069.9
2020,442,409255.132,229099.66
2020,450,1435.719,740.19
2020,458,5061597.782,15960676.0
2020,480,1824440.073,1298123.0
2020,484,33415954.0,46966690.438
2020,490,55935746.415,45622571.0
2020,499,16.05,5.0
2020,504,14493.208,6965.5
2020,508,89715.21,239629.0
2020,512,154990.883,207025.0
2020,516,119.228,41.0
2020,528,183502546.901,189116508.0
2020,531,837.989,875.0
2020,533,191.62,35.0
2020,554,238277.627,31442.0
2020,558,20712.0,1466.95
2020,562,694.944,500.0
2020,579,20495.366,4400.0
2020,591,7546518.0,15799222.0
2020,598,34.314,90.0
2020,600,707502.0,1313900.0
2020,604,1934153.25,154586.09
2020,608,313989892.0,441318121.824
2020,616,6336521.0,7313395.233
2020,620,18368070.778,21767088.546
2020,642,266601.44,319255.0
2020,643,521835.997,692718.45
2020,646,148241.74,13935.0
2020,662,685.18,453.6
2020,670,11.48,61.0
2020,682,1353661.566,1361729.0
2020,688,42694.0,46746.0
2020,699,2670380.922,4239956.0
2020,702,83902.724,61962.647
2020,703,1491210.678,1264005.762
2020,704,340545.992,445137.069
2020,705,651035.47,739374.71
2020,710,2693505.541,2090782.74
2020,724,25747850.503,23696331.54
2020,752,120734.288,84118.081
2020,757,30770.688,10675.0
2020,764,7514396.069,9769948.309
2020,768,1405600.216,1270141.0
2020,776,197.131,734.0
2020,780,29118.284,8721.0
2020,784,14790486.959,16044138.87
2020,792,1551906.0,1219652.0
2020,800,2784620.0,11577270.0
2020,804,4496.85,1045.87
2020,807,530.53,112.0
2020,818,10138.013,14249.15
2020,826,17059365.126,16941530.0
2020,834,306158.45,272529.13
2020,842,84451219.0,96905628.0
2020,854,416.966,90.0
2020,858,4482.0,1844.5
2020,860,8.0,10.0
2020,894,2049.727,2880.926
2021,24,19435.13,25899.896
2021,36,12253.382,8789.37
2021,40,2789433.884,2541838.011
2021,48,38392.553,24245.11
2021,51,4679.5,4775.0
2021,56,3457095.567,3449852.08
2021,60,768.5,481.24
2021,68,56234.91,160159.33
2021,70,20251.06,14100.92
2021,72,201.024,270.0
2021,76,3113691.0,5384901.0
2021,100,45341.718,11843.0
2021,104,15277.09,100100.0
2021,112,200.0,8.0
2021,116,633213.12,2571019.75
2021,120,254951.01,2159525.8
2021,124,923447.104,211942.0
2021,144,2516631.447,1363030.83
2021,156,2975459.0,1641798.552
2021,170,5080963.87,6627346.23
2021,180,662.967,305.0
2021,188,1041214908.94,2069456506.01
2021,191,727931.0,277208.31
2021,192,69209.22,89884.54
2021,203,677759.0,498111.0
2021,204,319837.198,972824.0
2021,208,543148.959,341759.0
2021,212,160200.21,48368.0
2021,214,5076199.824,6805277.192
2021,218,50572939.38,100196627.13
2021,222,3935.65,409.78
2021,231,3525.28,9144.1
2021,233,7490.04,4653.992
2021,242,1342.584,1136.2
2021,246,71154.84,68142.531
2021,251,11393480.645,10498876.0
2021,266,45.632,11.0
2021,268,1151614.968,1200093.0
2021,276,16746695.386,14790529.938
2021,288,9046461.84,11911952.246
2021,300,2084591.624,2326061.0
2021,320,16072707.0,26532845.0
2021,328,127453.156,154080.0
2021,340,39861064.05,85355849.0
2021,344,324742.395,333968.0
2021,348,2927702.0,2667628.023
2021,352,3018.436,3108.807
2021,360,5020869.914,8553988.5
2021,364,716.0,33.0
2021,372,705913.823,640343.0
2021,380,20603812.845,22005358.0
2021,384,15353847.44,30916574.0
2021,388,7623.25,4832.6
2021,392,23160.798,3463.0
2021,398,266759.71,340092.0
2021,400,67035.211,75934.614
2021,404,16442177.452,22527560.89
2021,410,8195.0,195.848
2021,414,29380.0,98281.0
2021,417,6125.0,6350.0
2021,418,549960.25,2898296.0
2021,422,2561.0,1114.0
2021,428,579038.905,553870.313
2021,440,2057915.0,2103428.94
2021,442,485953.706,273055.96
2021,450,7074.21,2036.43
2021,458,5372206.18,16427826.4
2021,470,2528.699,1271.0
2021,480,3059306.875,2190342.0
2021,484,17070904.0,27233256.0
2021,490,36333974.306,28666504.251
2021,504,38453.299,17819.91
2021,508,67086.04,198986.0
2021,512,415794.538,392767.0
2021,516,150.867,88.0
2021,528,190341268.599,196763737.0
2021,533,375.978,100.0
2021,554,13141.18,1275.0
2021,558,27284.2,1502.95
2021,579,25693.829,4400.0
2021,591,6688730.0,14137380.0
2021,600,919700.0,1617700.0
2021,604,3925407.82,295507.27
2021,608,283548642.0,321191747.521
2021,616,7278349.0,7715860.645
2021,620,20737255.52,23650008.98
2021,642,81492.91,93518.7
2021,643,774264.232,984994.881
2021,646,207422.85,18977.5
2021,682,763768.781,541760.0
2021,688,27692.0,11398.412
2021,690,86.673,50.0
2021,699,4050205.179,7189176.477
2021,702,133283.379,111963.131
2021,703,2139208.206,1810589.0
2021,704,693710.949,785806.027
2021,705,1006228.8,1618652.902
2021,710,2874807.368,2467924.51
2021,724,29707291.066,28642192.49
2021,740,5063.3,17065.0
2021,752,399577.131,380330.593
2021,757,32152.792,13772.729
2021,764,12379804.59,12732108.0
2021,768,1085090.138,1270004.0
2021,776,2071.994,3431.0
2021,780,13304.076,9962.0
2021,784,16823923.901,16140997.0
2021,792,1341252.0,1233064.0
2021,800,2632410.59,8901770.33
2021,804,5118.19,783.45
2021,807,3462.42,473.0
2021,818,44400.0,50294.417
2021,826,2388558.287,722682.0
2021,834,827259.21,159955.4
2021,842,97610132.0,111306347.0
2021,858,4256.0,1495.0
2021,882,25.821,23.3
2021,894,140.336,137.21
2022,24,48818.3,88565.67
2022,36,51366.321,
2022,40,2466547.382,1837261.0
2022,48,5599.069,936.1
2022,51,10776.0,9200.0
2022,56,3050703.298,2473043.37
2022,68,6500.0,20000.0
2022,70,11413.81,4974.92
2022,72,667.243,556.98
2022,76,3379681.0,5067338.0
2022,100,87734.177,50591.0
2022,108,29.494,30.0
2022,116,603810.47,1840405.34
2022,120,160881.083,2150889.0
2022,124,937466.497,215507.0
2022,144,1887031.443,809004.34
2022,152,6761.11,238.4
2022,156,15896585.0,5168333.626
2022,170,4644039.19,4971845.43
2022,188,1038282413.077,1942544533.2
2022,191,1140404.0,622590.23
2022,192,407.87,44.0
2022,203,716895.0,484046.376
2022,204,389733.99,1254518.0
2022,208,589695.015,427933.0
2022,212,214415.341,58219.0
2022,218,58012881.1,108835121.0
2022,222,3077.5,322.83
2022,231,3947.512,13383.0
2022,233,14351.48,6100.2
2022,242,4322.69,2903.35
2022,246,72461.329,66349.891
2022,251,20267761.778,20359662.375
2022,258,25.239,10.5
2022,266,9096.027,7534.0
2022,268,1327979.749,1209138.3
2022,275,910.604,909.068
2022,276,10909394.179,7914429.451
2022,288,6778653.581,8278709.09
2022,300,2928699.887,3188097.0
2022,320,19658596.0,30416959.0
2022,328,3683.451,5172.0
2022,344,464549.127,417985.0
2022,348,2248957.0,1951856.78
2022,352,6407.581,1259.0
2022,360,3721063.452,6288932.5
2022,372,505860.342,474278.0
2022,380,23164862.67,23797190.0
2022,384,14378330.985,32402621.0
2022,388,5259.32,3652.46
2022,392,8790.999,564.0
2022,398,195789.07,217438.7
2022,400,32841.268,32785.883
2022,404,16998438.055,30567826.74
2022,410,15722.0,12091.9
2022,414,5877.838,5867.926
2022,417,30635.0,66947.0
2022,418,27320.0,94000.0
2022,422,2759.0,1270.0
2022,428,809764.911,815523.0
2022,440,2333976.0,1836955.43
2022,442,458971.509,262233.54
2022,450,1743.459,1580.83
2022,458,5331065.788,14455655.4
2022,470,202.185,128.0
2022,480,2076749.388,1488837.0
2022,484,19595044.0,27240545.0
2022,490,26628857.86,20472962.0
2022,498,67.0,14.0
2022,504,49692.144,35854.45
2022,508,73192.89,437078.0
2022,512,134442.132,240324.0
2022,528,132630804.157,122204450.0
2022,554,80080.734,17528.0
2022,558,33666.86,9326.56
2022,562,3441.547,174000.0
2022,579,37026.342,7726.0
2022,591,6576358.0,13511183.0
2022,600,1110461.96,1710115.0
2022,604,3603217.064,275845.879
2022,608,333010777.0,332449174.824
2022,616,4911395.0,4805627.677
2022,620,23580371.296,26868164.0
2022,642,53226.55,70690.0
2022,646,48237.67,5454.0
2022,682,1368382.099,876556.0
2022,686,105.765,100.0
2022,688,60428.0,2605.0
2022,699,4354399.468,6893726.0
2022,702,165010.88,82920.0
2022,703,1638624.753,1077180.691
2022,704,437256.51,436519.104
2022,705,928098.726,786636.49
2022,710,4345086.261,3010521.16
2022,724,42423563.137,32866956.95
2022,752,125763.136,70018.349
2022,757,31976.875,24158.855
2022,764,26253813.583,34603239.616
2022,768,1009457.424,1051836.0
2022,776,2187.496,1426.0
2022,780,24245.047,8299.0
2022,784,21000045.298,21928926.0
2022,792,843599.0,1011630.0
2022,800,2531949.54,6791176.0
2022,804,2041.71,485.16
2022,807,4390.85,698.0
2022,818,4625.0,4617.2
2022,826,2519456.105,
2022,834,422228.42,51191.0
2022,842,108411075.0,118469852.0
2022,858,5464.0,1477.41
2022,860,10456.49,5610.263
2022,882,830.31,492.1
2023,24,41116.29,48306.828
2023,36,105179.338,17297.32
2023,40,2775716.024,1277571.0
2023,48,17516.481,15378.329
2023,51,22224.0,19680.0
2023,56,4040770.315,2807888.362
2023,64,133.172,400.0
2023,68,66244.56,171727.4
2023,70,8421.109,2814.44
2023,72,1360.928,934.25
2023,76,2212061.0,2827717.288
2023,100,447031.451,102276.0
2023,104,2400.0,16000.0
2023,108,1071.152,6595.0
2023,116,174577.86,516045.85
2023,120,72231.641,1360813.0
2023,124,1285392.908,431877.0
2023,144,956031.489,409927.79
2023,152,501.11,62.0
2023,156,12031096.0,6738087.56
2023,170,1442783.15,935278.8
2023,180,940.021,2482.0
2023,188,1175538487.32,2113997591.11
2023,191,1705189.0,1367470.125
2023,203,798627.0,507933.022
2023,204,1063108.289,3702136.0
2023,208,611367.148,351416.0
2023,212,117552.475,31273.0
2023,214,1888167.683,1699075.07
2023,218,63871443.0,
2023,222,4362.0,419.56
2023,231,378.478,631.0
2023,233,14282.85,5867.0
2023,242,29156.602,19740.31
2023,246,101506.254,81346.0
2023,251,18506342.123,
2023,266,303.54,47.0
2023,268,1877350.562,1768996.1
2023,275,580.232,524.6
2023,276,13029076.429,7770849.628
2023,288,4931710.21,4273751.62
2023,300,3025722.629,2951923.0
2023,320,36358009.0,52295006.0
2023,328,47724.19,16290.0
2023,340,37449118.98,67923276.97
2023,344,1105814.337,931827.0
2023,348,2709420.956,1917436.016
2023,352,4031.636,444.0
2023,360,5613580.82,8360630.66
2023,364,6268.0,206.0
2023,372,695307.624,556140.0
2023,380,26608954.607,26046048.0
2023,384,10405612.966,23051452.0
2023,388,8568.94,7561.46
2023,392,9463.971,1002.0
2023,398,306688.37,493239.5
2023,400,12400.873,10887.158
2023,404,29013351.782,40129521.0
2023,410,3322.0,364.875
2023,414,6836.241,4543.0
2023,417,8097.0,19000.0
2023,418,98480.0,350000.0
2023,422,18826.0,16528.001
2023,428,894803.846,745082.523
2023,440,2587564.0,1822496.665
2023,442,364342.209,196327.11
2023,450,37286.725,6987.5
2023,458,5429838.593,12801267.9
2023,480,2518718.947,680599.0
2023,484,21145874.0,27282295.0
2023,490,21155143.266,17038383.0
2023,504,170118.34,50668.56
2023,508,43000.0,500236.0
2023,512,50603.381,55042.0
2023,516,82.194,34.0
2023,528,144239730.945,126102817.0
2023,533,8154.19,1310.0
2023,554,279610.46,50023.0
2023,558,19787.18,2742.48
2023,562,2473.716,30000.0
2023,579,94612.562,23252.0
2023,591,6684496.0,12688149.0
2023,600,674389.6,1185236.0
2023,604,2603841.14,247171.1
2023,608,354831305.0,597546989.06
2023,616,4310035.0,3805857.838
2023,620,20323364.954,21137500.884
2023,642,55860.07,64164.5
2023,670,29.444,159.0
2023,682,1768532.756,1663273.631
2023,686,2298.039,2785.0
2023,688,77730.0,4323.0
2023,699,4358321.005,7396729.0
2023,702,121613.805,63770.0
2023,703,1784494.374,786490.0
2023,704,821232.983,772355.027
2023,705,363207.925,159707.505
2023,710,3953915.152,3201435.81
2023,724,53812303.573,36922917.44
2023,752,178225.37,47249.321
2023,757,30028.075,4148.38
2023,764,30832741.011,37851018.0
2023,768,696735.423,629673.0
2023,776,5068.603,4766.931
2023,780,26993.321,18359.0
2023,784,20252700.08,19076599.85
2023,792,495499.0,470330.0
2023,800,3826562.17,13675893.9
2023,804,762641.11,59977.486
2023,807,16630.853,7939.0
2023,818,100274.0,94305.915
2023,826,1273964.483,323913.0
2023,834,179100.74,45129.7
2023,842,113219748.0,119336904.0
2023,854,27729.264,3200.0
2023,858,3945.0,1173.02
2023,882,768.417,250.0
2023,887,7.634,150.0
2024,20,307.296,396.0
2024,24,46503.33,89998.262
2024,36,52344.065,8183.23
2024,40,2926614.972,1489941.531
2024,48,9271.862,1517.61
2024,51,22066.61,17401.0
2024,56,4748259.025,2774766.8
2024,68,52000.0,160000.0
2024,70,5611.217,935.52
2024,76,2971439.0,3228785.0
2024,100,455856.841,148839.0
2024,104,10.0,10.0
2024,116,142477.98,83474.75
2024,124,186143.796,104908.0
2024,144,816139.606,298925.0
2024,156,23663528.0,17699479.244
2024,170,825409.12,433124.1
2024,188,1362583574.6,4046621880.7
2024,191,2445732.0,1352846.2
2024,203,1611586.0,495761.306
2024,204,922518.998,2935983.0
2024,208,586334.739,380365.0
2024,214,1216821.089,1249543.45
2024,218,58400085.728,108470467.1
2024,222,3554.05,329.68
2024,233,12642.16,6373.6
2024,242,12697.174,9955.86
2024,246,89541.967,70307.0
2024,251,13628228.559,11186432.615
2024,268,2153638.745,2138116.35
2024,276,18214077.324,8879675.764
2024,288,4279308.71,3396666.29
2024,300,3188586.762,3140075.0
2024,308,296.296,259.891
2024,320,23266356.0,40368989.0
2024,328,76505.946,51418.0
2024,340,35119514.9,63462614.38
2024,344,1120351.559,934490.0
2024,348,3055839.665,2291034.0
2024,352,6979.136,721.0
2024,360,5719636.451,8721901.361
2024,372,786991.256,633385.0
2024,376,1000.0,549.0
2024,380,27873044.879,26746628.0
2024,384,7563008.782,16859384.0
2024,388,7848.0,3277.68
2024,392,1592.164,343.0
2024,398,352591.43,731006.0
2024,404,31248096.908,44425509.1
2024,410,895.0,396.0
2024,414,25403.0,
2024,417,13380.0,22300.0
2024,422,6296.0,5504.776
2024,428,835530.466,674073.526
2024,440,1619011.0,1030371.965
2024,442,296782.509,160729.94
2024,450,112774.236,7568.4
2024,458,5041032.418,11632748.1
2024,470,286.831,145.0
2024,480,2665076.972,1385748.0
2024,484,18861501.0,15709750.0
2024,490,26681229.79,20970791.0
2024,499,55.422,13.0
2024,504,17436.691,16833.7
2024,508,73697.1,451545.0
2024,512,1465700.908,1444350.0
2024,516,28.882,20.0
2024,528,165281440.197,139337703.0
2024,554,76942.66,23819.0
2024,558,41994.4,6535.9
2024,562,369.903,2000.0
2024,579,80921.986,12237.0
2024,586,498.422,200.0
2024,591,7687870.0,11526186.0
2024,600,1185710.32,2273058.0
2024,604,9056142.714,766127.324
2024,608,430119368.0,682508039.92
2024,616,3478609.0,2798451.609
2024,620,14984665.942,15322054.0
2024,642,59077.55,56842.0
2024,682,1336737.3,1351063.0
2024,686,608.434,3000.0
2024,688,244892.0,16020.0
2024,699,5941840.143,9061350.0
2024,702,85601.068,49400.0
2024,703,1571354.492,831435.0
2024,705,378253.9,158791.74
2024,710,4838550.644,3104336.45
2024,724,57317140.819,52339843.27
2024,752,359115.271,187640.433
2024,757,71312.827,29346.236
2024,764,8842089.261,5040012.0
2024,768,757420.202,598539.0
2024,780,20931.322,14687.0
2024,792,559989.0,587334.0
2024,800,3930131.42,17461780.28
2024,804,9086.63,360.52
2024,807,11036.87,4305.0
2024,818,26059.42,22857.52
2024,826,1778921.385,287624.0
2024,834,668152.099,530664.0
2024,842,116935575.0,119732072.0
2024,854,1649.22,1850.0
2024,858,7463.0,2207.0
2024,860,23932.0,23932.0
2024,882,1573.032,460.0
2025,24,37473.68,34900.89
2025,31,2547.6,50.9
2025,36,32132.775,3055.676
2025,40,8012167.983,1804735.89
2025,51,24688.4,11864.3
2025,56,3785408.117,2203256.64
2025,68,39689.69,120013.05
2025,70,2952.233,383.04
2025,76,2663345.0,3420783.0
2025,84,1160.06,29.49
2025,100,195007.341,106113.0
2025,124,67879.516,21997.0
2025,144,1629800.801,493549.48
2025,156,47509427.0,36619018.542
2025,170,1389860.91,
2025,191,2158930.0,1089115.713
2025,203,1940993.0,549955.685
2025,208,731343.936,365725.0
2025,214,1188537.723,1172041.44
2025,218,81108645.51,
2025,222,5001.5,488.27
2025,233,30539.9,11903.211
2025,242,40530.948,16474.97
2025,246,94504.652,62753.383
2025,251,16033738.638,11502523.926
2025,268,1933287.201,1707479.7
2025,276,13775382.344,7675006.751
2025,288,5391006.689,2265758.976
2025,300,4296461.143,3568326.0
2025,320,14071061.0,29148346.0
2025,328,182059.788,63996.0
2025,344,1181326.526,893719.0
2025,348,3064465.607,2042300.14
2025,352,7304.301,1447.0
2025,360,7003559.121,10779130.2
2025,372,775418.276,629596.0
2025,380,30137795.808,24716437.0
2025,384,13834423.046,23514196.0
2025,388,2972.125,805.56
2025,392,8569.558,1649.0
2025,398,150669.62,612675.0
2025,404,36530001.513,51721632.98
2025,410,60331.0,19085.37
2025,414,6819.565,951.6
2025,428,833927.531,558331.0
2025,440,3393406.0,1849521.89
2025,442,356665.618,205425.89
2025,450,5970.352,3870.4
2025,454,1115.847,180.0
2025,458,4915048.256,10712273.95
2025,480,3974509.919,1688991.0
2025,484,58797398.0,62800243.0
2025,498,613.0,7.0
2025,499,577.625,140.0
2025,504,23261.36,27378.1
2025,508,100701.22,748303.0
2025,512,2099081.921,2182980.0
2025,528,223011227.52,159640823.0
2025,554,72848.318,28596.0
2025,566,57359.172,8227.8
2025,579,68657.759,11117.0
2025,591,13145741.0,22673898.0
2025,600,1239979.15,2214729.0
2025,608,538321509.0,812688055.87
2025,616,4832153.0,3220255.958
2025,620,19658269.739,16704715.0
2025,642,57981.35,41838.8
2025,682,505649.606,249048.0
2025,688,552006.0,15420.14
2025,699,5643327.05,10352001.625
2025,702,87288.794,47960.0
2025,703,1645888.749,922582.0
2025,705,670552.948,144545.068
2025,710,5208273.735,3105369.08
2025,724,67079112.467,51451225.044
2025,752,469742.537,300203.967
2025,757,76121.487,9753.046
2025,764,10119567.87,4046081.0
2025,768,1209699.621,710983.0
2025,776,16859.088,13288.915
2025,780,10634.311,4985.0
2025,792,512525.0,365993.0
2025,800,6241468.5,272254961.75
2025,807,15337.035,8587.0
2025,818,1308.0,1031.011
2025,826,3307553.303,594576.46
2025,834,527891.785,535099.9
2025,842,125511428.0,101710020.077
2025,858,6374.0,1869.0
