periodo,anio_desde,anio_hasta,cod_distrito,cober_desde,cober_hasta,tipo_cambio,ha
2000-2015,2000,2015,11902,Cobertura Forestal,Piña,perdida_cobertura_arborea,0.15703186212000192
2000-2015,2000,2015,11905,Cobertura Forestal,Piña,perdida_cobertura_arborea,407.40580466191085
2000-2015,2000,2015,11905,No piña,Piña,sin_cambio,53.90853636808763
2000-2015,2000,2015,11908,Cobertura Forestal,Piña,perdida_cobertura_arborea,659.7526273346868
2000-2015,2000,2015,11908,No piña,Piña,sin_cambio,98.66025634207668
2000-2015,2000,2015,20114,Cobertura Forestal,Piña,perdida_cobertura_arborea,12.404169004187883
2000-2015,2000,2015,20114,No piña,Piña,sin_cambio,83.87726204531927
2000-2015,2000,2015,20114,Piña,Piña,sin_cambio,7.395583605113815
2000-2015,2000,2015,20213,Cobertura Forestal,Piña,perdida_cobertura_arborea,2.530537047783446
2000-2015,2000,2015,20213,No piña,Piña,sin_cambio,0.5744291712171901
2000-2015,2000,2015,21002,Cobertura Forestal,Piña,perdida_cobertura_arborea,2.7836097997832856
2000-2015,2000,2015,21002,No piña,Piña,sin_cambio,123.17169970752146
2000-2015,2000,2015,21002,Piña,Piña,sin_cambio,159.14204336036323
2000-2015,2000,2015,21004,Cobertura Forestal,Cobertura Forestal,sin_cambio,12.314692052487342
2000-2015,2000,2015,21004,Cobertura Forestal,Piña,perdida_cobertura_arborea,834.3269793460781
2000-2015,2000,2015,21004,No piña,Piña,sin_cambio,1268.234988804864
2000-2015,2000,2015,21004,Piña,Piña,sin_cambio,783.3951719595317
2000-2015,2000,2015,21005,Cobertura Forestal,Cobertura Forestal,sin_cambio,1.2098206396205193
2000-2015,2000,2015,21005,Cobertura Forestal,Piña,perdida_cobertura_arborea,7.191019589203795
2000-2015,2000,2015,21005,No piña,Piña,sin_cambio,607.941881326848
2000-2015,2000,2015,21005,Piña,Piña,sin_cambio,409.2205784212722
2000-2015,2000,2015,21006,Cobertura Forestal,Piña,perdida_cobertura_arborea,645.0971427999127
2000-2015,2000,2015,21006,No piña,Piña,sin_cambio,5096.109243029089
2000-2015,2000,2015,21006,Piña,Piña,sin_cambio,2072.0373745474435
2000-2015,2000,2015,21007,Cobertura Forestal,Piña,perdida_cobertura_arborea,1.490306297922532
2000-2015,2000,2015,21007,No piña,Piña,sin_cambio,399.9439669389224
2000-2015,2000,2015,21008,No piña,Piña,sin_cambio,3.007717467262545
2000-2015,2000,2015,21009,Cobertura Forestal,Piña,perdida_cobertura_arborea,1.0749500204247966
2000-2015,2000,2015,21009,No piña,Piña,sin_cambio,82.99238879595248
2000-2015,2000,2015,21009,Piña,Piña,sin_cambio,17.505852120836526
2000-2015,2000,2015,21011,Cobertura Forestal,Piña,perdida_cobertura_arborea,133.53398177013028
2000-2015,2000,2015,21011,No piña,Piña,sin_cambio,3582.3947652898605
2000-2015,2000,2015,21011,Piña,Piña,sin_cambio,275.3188299718467
2000-2015,2000,2015,21012,Cobertura Forestal,Piña,perdida_cobertura_arborea,4.076232330396016
2000-2015,2000,2015,21012,No piña,Piña,sin_cambio,156.86158030161383
2000-2015,2000,2015,21013,Cobertura Forestal,Piña,perdida_cobertura_arborea,55.93670350739356
2000-2015,2000,2015,21013,No piña,Piña,sin_cambio,739.8944235637415
2000-2015,2000,2015,21013,Piña,Piña,sin_cambio,50.90740450234307
2000-2015,2000,2015,21301,Cobertura Forestal,Piña,perdida_cobertura_arborea,37.22769156465298
2000-2015,2000,2015,21301,No piña,Piña,sin_cambio,1175.7882166817571
2000-2015,2000,2015,21303,Cobertura Forestal,Piña,perdida_cobertura_arborea,2.8760222416686747
2000-2015,2000,2015,21303,No piña,Piña,sin_cambio,5.3574303884167165
2000-2015,2000,2015,21304,No piña,Piña,sin_cambio,9.56881003327819
2000-2015,2000,2015,21307,Cobertura Forestal,Piña,perdida_cobertura_arborea,79.7313463771997
2000-2015,2000,2015,21307,Humedal,Piña,perdida_cobertura_arborea,15.518310801905667
2000-2015,2000,2015,21307,No piña,Piña,sin_cambio,762.4881426123372
2000-2015,2000,2015,21307,Piña,Piña,sin_cambio,207.68563257274093
2000-2015,2000,2015,21308,Cobertura Forestal,Piña,perdida_cobertura_arborea,52.04428966743005
2000-2015,2000,2015,21308,No piña,Piña,sin_cambio,302.1061456513315
2000-2015,2000,2015,21401,Cobertura Forestal,Cobertura Forestal,sin_cambio,13.901422175141333
2000-2015,2000,2015,21401,Cobertura Forestal,Piña,perdida_cobertura_arborea,98.61747236699685
2000-2015,2000,2015,21401,No piña,Piña,sin_cambio,1371.587491109912
2000-2015,2000,2015,21402,No piña,Piña,sin_cambio,326.3292411961618
2000-2015,2000,2015,21403,Cobertura Forestal,Cobertura Forestal,sin_cambio,3.439205351822081
2000-2015,2000,2015,21403,Cobertura Forestal,Piña,perdida_cobertura_arborea,97.89667522703203
2000-2015,2000,2015,21403,No piña,Piña,sin_cambio,2935.665391475415
2000-2015,2000,2015,21404,Cobertura Forestal,Piña,perdida_cobertura_arborea,24.379952348938726
2000-2015,2000,2015,21404,No piña,Piña,sin_cambio,55.090649730095905
2000-2015,2000,2015,21501,Cobertura Forestal,Piña,perdida_cobertura_arborea,1.9221457759658065
2000-2015,2000,2015,21501,No piña,Piña,sin_cambio,218.92140929523825
2000-2015,2000,2015,21501,Piña,Piña,sin_cambio,5.120822733703554
2000-2015,2000,2015,21502,Cobertura Forestal,Piña,perdida_cobertura_arborea,15.913014880699727
2000-2015,2000,2015,21502,No piña,Piña,sin_cambio,358.19038457711184
2000-2015,2000,2015,21502,Piña,Piña,sin_cambio,8.857709703728
2000-2015,2000,2015,21504,Cobertura Forestal,Cobertura Forestal,sin_cambio,3.7176408616803025
2000-2015,2000,2015,21504,Cobertura Forestal,Piña,perdida_cobertura_arborea,1.2773981921323991
2000-2015,2000,2015,21504,No piña,Piña,sin_cambio,804.4289958120042
2000-2015,2000,2015,21504,Piña,Piña,sin_cambio,1.6480068211912051
2000-2015,2000,2015,21601,Cobertura Forestal,Cobertura Forestal,sin_cambio,2.617887601481315e-05
2000-2015,2000,2015,21601,Cobertura Forestal,Piña,perdida_cobertura_arborea,34.235859835974814
2000-2015,2000,2015,21601,No piña,Piña,sin_cambio,130.736474816023
2000-2015,2000,2015,21601,Piña,Piña,sin_cambio,155.81437142738991
2000-2015,2000,2015,21602,Cobertura Forestal,Cobertura Forestal,sin_cambio,3.10714903087184
2000-2015,2000,2015,21602,Cobertura Forestal,Piña,perdida_cobertura_arborea,95.12515953405287
2000-2015,2000,2015,21602,No piña,Piña,sin_cambio,590.2262806183832
2000-2015,2000,2015,21602,Piña,Piña,sin_cambio,459.8562226876604
2000-2015,2000,2015,21603,Cobertura Forestal,Cobertura Forestal,sin_cambio,13.393535900744686
2000-2015,2000,2015,21603,Cobertura Forestal,Piña,perdida_cobertura_arborea,378.9040883493469
2000-2015,2000,2015,21603,No piña,Piña,sin_cambio,3448.446737781389
2000-2015,2000,2015,21603,Piña,Piña,sin_cambio,493.5200007575604
2000-2015,2000,2015,41001,Cobertura Forestal,Piña,perdida_cobertura_arborea,19.913936242563825
2000-2015,2000,2015,41001,No piña,Piña,sin_cambio,1043.3850097688828
2000-2015,2000,2015,41002,Cobertura Forestal,Piña,perdida_cobertura_arborea,149.803714446862
2000-2015,2000,2015,41002,No piña,Piña,sin_cambio,592.1660218255241
2000-2015,2000,2015,41002,Piña,Piña,sin_cambio,1345.3485587340754
2000-2015,2000,2015,41003,Cobertura Forestal,Cobertura Forestal,sin_cambio,17.98295843915865
2000-2015,2000,2015,41003,Cobertura Forestal,Piña,perdida_cobertura_arborea,361.43202411541023
2000-2015,2000,2015,41003,No piña,Piña,sin_cambio,1568.5517742265858
2000-2015,2000,2015,41004,No piña,Piña,sin_cambio,79.61368367202537
2000-2015,2000,2015,41005,Cobertura Forestal,Piña,perdida_cobertura_arborea,41.335505557405554
2000-2015,2000,2015,41005,No piña,Piña,sin_cambio,185.9893257264969
2000-2015,2000,2015,41005,Piña,Piña,sin_cambio,1.9941701345747598
2000-2015,2000,2015,60102,Cobertura Forestal,Piña,perdida_cobertura_arborea,38.31158766087849
2000-2015,2000,2015,60102,No piña,Piña,sin_cambio,839.6829144924503
2000-2015,2000,2015,60301,No piña,Piña,sin_cambio,118.07485703618698
2000-2015,2000,2015,60301,Piña,Piña,perdida_cobertura_arborea,6.242397376831759
2000-2015,2000,2015,60301,Piña,Piña,sin_cambio,1259.2098449712978
2000-2015,2000,2015,60302,Cobertura Forestal,Piña,perdida_cobertura_arborea,31.127180021658145
2000-2015,2000,2015,60302,No piña,Piña,sin_cambio,466.1832693934741
2000-2015,2000,2015,60302,Piña,Piña,sin_cambio,2474.0591464896434
2000-2015,2000,2015,60303,Cobertura Forestal,Piña,perdida_cobertura_arborea,667.4924121291288
2000-2015,2000,2015,60303,No piña,Piña,sin_cambio,235.23379124696538
2000-2015,2000,2015,60308,No piña,Piña,sin_cambio,2.1432124387222733
2000-2015,2000,2015,60309,Cobertura Forestal,Piña,perdida_cobertura_arborea,67.79931701874276
2000-2015,2000,2015,60309,No piña,Piña,sin_cambio,89.58517485742875
2000-2015,2000,2015,60309,Piña,Piña,sin_cambio,1392.9745639490684
2000-2015,2000,2015,60601,Cobertura Forestal,Cobertura Forestal,sin_cambio,13.187239581589616
2000-2015,2000,2015,60601,No piña,Piña,sin_cambio,209.12461858337252
2000-2015,2000,2015,70202,No piña,Piña,sin_cambio,437.86981945493676
2000-2015,2000,2015,70202,Piña,Piña,sin_cambio,196.4869594325986
2000-2015,2000,2015,70203,Cobertura Forestal,Piña,perdida_cobertura_arborea,72.46331572222711
2000-2015,2000,2015,70203,No piña,Piña,sin_cambio,2666.2637206438094
2000-2015,2000,2015,70204,Cobertura Forestal,Piña,perdida_cobertura_arborea,44.70606357241857
2000-2015,2000,2015,70204,No piña,Piña,sin_cambio,1835.1510032827573
2000-2015,2000,2015,70204,Piña,Piña,sin_cambio,127.89327322207082
2000-2015,2000,2015,70205,Cobertura Forestal,Piña,perdida_cobertura_arborea,0.37561173523042773
2000-2015,2000,2015,70205,No piña,Piña,sin_cambio,5.752391666787577
2000-2015,2000,2015,70207,No piña,Piña,sin_cambio,30.467941787565778
2000-2015,2000,2015,70302,Cobertura Forestal,Piña,perdida_cobertura_arborea,12.784941446936472
2000-2015,2000,2015,70302,No piña,Piña,sin_cambio,412.99442520173636
2000-2015,2000,2015,70302,Piña,Piña,sin_cambio,288.81395553689845
2000-2015,2000,2015,70303,No piña,Piña,sin_cambio,5.31065098872633
2000-2015,2000,2015,70303,Piña,Piña,sin_cambio,90.56990062821164
2000-2015,2000,2015,70304,Cobertura Forestal,Piña,perdida_cobertura_arborea,57.22960527733763
2000-2015,2000,2015,70304,No piña,Piña,sin_cambio,575.1129133508841
2000-2015,2000,2015,70304,Piña,Piña,sin_cambio,49.6554754083457
2000-2015,2000,2015,70305,Cobertura Forestal,Piña,perdida_cobertura_arborea,22.09066125909407
2000-2015,2000,2015,70305,No piña,Piña,sin_cambio,541.6405584567199
2000-2015,2000,2015,70305,Piña,Piña,sin_cambio,245.26836528062591
2000-2015,2000,2015,70306,Cobertura Forestal,Piña,perdida_cobertura_arborea,41.10090477688902
2000-2015,2000,2015,70306,No piña,Piña,sin_cambio,424.53221560776785
2000-2015,2000,2015,70306,Piña,Piña,sin_cambio,111.76324119928498
2000-2015,2000,2015,70307,No piña,Piña,sin_cambio,9.762077027520652e-05
2000-2015,2000,2015,70601,Cobertura Forestal,Piña,perdida_cobertura_arborea,1.8479606220917437
2000-2015,2000,2015,70601,No piña,Piña,sin_cambio,362.4339878540824
2000-2015,2000,2015,70601,Piña,Piña,sin_cambio,497.1818994355671
2000-2015,2000,2015,70603,Cobertura Forestal,Piña,perdida_cobertura_arborea,76.71527417091355
2000-2015,2000,2015,70603,No piña,Piña,sin_cambio,80.63735446705087
2000-2015,2000,2015,70604,Cobertura Forestal,Piña,perdida_cobertura_arborea,64.1504645128523
2000-2015,2000,2015,70604,No piña,Piña,sin_cambio,630.1513448254204
2000-2015,2000,2015,70605,Cobertura Forestal,Piña,perdida_cobertura_arborea,143.8693821555788
2000-2015,2000,2015,70605,No piña,Piña,sin_cambio,1418.1325600557375
2000-2015,2000,2015,70605,Piña,Piña,sin_cambio,63.701257579395154
2015-2016,2015,2016,11905,Piña,Piña,sin_cambio,9.689874557859564
2015-2016,2015,2016,21002,Nube,Piña,sin_cambio,21.765121464147093
2015-2016,2015,2016,21004,Nube,Piña,sin_cambio,141.81826945454543
2015-2016,2015,2016,21004,Piña,Piña,sin_cambio,2.5831704057113773
2015-2016,2015,2016,21006,Nube,Piña,sin_cambio,244.71793534437035
2015-2016,2015,2016,21011,Nube,Piña,sin_cambio,699.7129059544249
2015-2016,2015,2016,21011,Otro,Piña,sin_cambio,5.903489992957163
2015-2016,2015,2016,21013,Nube,Piña,sin_cambio,206.89063449735517
2015-2016,2015,2016,21013,Otro,Piña,sin_cambio,464.49394253280724
2015-2016,2015,2016,21301,Cobertura forestal,Piña,perdida_cobertura_arborea,46.527002980858185
2015-2016,2015,2016,21301,Nube,Piña,sin_cambio,4.942975088632849
2015-2016,2015,2016,21301,Otro,Piña,sin_cambio,263.1997917097548
2015-2016,2015,2016,21307,Cobertura forestal,Piña,perdida_cobertura_arborea,3.923408706959611
2015-2016,2015,2016,21307,Nube,Piña,sin_cambio,62.88356603829746
2015-2016,2015,2016,21307,Otro,Piña,sin_cambio,309.3589304290838
2015-2016,2015,2016,21308,Cobertura forestal,Piña,perdida_cobertura_arborea,71.43438917699834
2015-2016,2015,2016,21308,Otro,Piña,sin_cambio,66.44814427767113
2015-2016,2015,2016,21401,Nube,Piña,sin_cambio,118.3516214317621
2015-2016,2015,2016,21401,Otro,Piña,sin_cambio,1715.588405222874
2015-2016,2015,2016,21401,Piña,Piña,sin_cambio,43.275369897216336
2015-2016,2015,2016,21402,Nube,Piña,sin_cambio,70.89525770742075
2015-2016,2015,2016,21402,Otro,Piña,sin_cambio,113.4498539321276
2015-2016,2015,2016,21403,Nube,Piña,sin_cambio,20.272639001440236
2015-2016,2015,2016,21403,Otro,Piña,sin_cambio,468.5577297516691
2015-2016,2015,2016,21404,Otro,Piña,sin_cambio,250.2383990341706
2015-2016,2015,2016,21502,Nube,Piña,sin_cambio,29.910071447676675
2015-2016,2015,2016,21502,Otro,Piña,sin_cambio,47.37465999668311
2015-2016,2015,2016,21502,Piña,Piña,sin_cambio,50.56957285424901
2015-2016,2015,2016,21504,Nube,Piña,sin_cambio,36.0189893593984
2015-2016,2015,2016,21504,Otro,Piña,sin_cambio,12.89199793251052
2015-2016,2015,2016,21601,Nube,Piña,sin_cambio,84.43599965707926
2015-2016,2015,2016,21602,Nube,Piña,sin_cambio,120.04480395911855
2015-2016,2015,2016,21602,Otro,Piña,sin_cambio,5.257946706518233
2015-2016,2015,2016,21602,Piña,Piña,sin_cambio,4.7628959053311455
2015-2016,2015,2016,21603,Nube,Piña,sin_cambio,90.33191580604596
2015-2016,2015,2016,21603,Otro,Piña,sin_cambio,83.91645948001388
2015-2016,2015,2016,21603,Piña,Piña,sin_cambio,2.6482739558418866
2015-2016,2015,2016,41001,Nube,Piña,sin_cambio,121.79590446245801
2015-2016,2015,2016,41001,Piña,Piña,sin_cambio,25.952451449893832
2015-2016,2015,2016,41002,Nube,Piña,sin_cambio,168.8542811442612
2015-2016,2015,2016,41002,Otro,Piña,sin_cambio,129.2899354445785
2015-2016,2015,2016,41002,Piña,Piña,sin_cambio,163.47199665483112
2015-2016,2015,2016,41003,Nube,Piña,sin_cambio,14.391900023738678
2015-2016,2015,2016,41003,Otro,Piña,sin_cambio,18.201551263234737
2015-2016,2015,2016,41003,Piña,Piña,sin_cambio,26.7717488567312
2015-2016,2015,2016,41004,Nube,Piña,sin_cambio,28.396464812113223
2015-2016,2015,2016,41005,Nube,Piña,sin_cambio,56.99607481349828
2015-2016,2015,2016,70202,Otro,Piña,sin_cambio,119.82454398385651
2015-2016,2015,2016,70202,Piña,Piña,sin_cambio,7.370439485591212
2015-2016,2015,2016,70203,Nube,Piña,sin_cambio,2.2677700616206073
2015-2016,2015,2016,70203,Otro,Piña,sin_cambio,260.69456260300785
2015-2016,2015,2016,70203,Piña,Piña,sin_cambio,138.78997318521513
2015-2016,2015,2016,70204,Nube,Piña,sin_cambio,48.64811318091364
2015-2016,2015,2016,70204,Otro,Piña,sin_cambio,304.671183036159
2015-2016,2015,2016,70204,Piña,Piña,sin_cambio,92.66275359874797
2015-2016,2015,2016,70205,Nube,Piña,sin_cambio,6.001149035895438
2015-2016,2015,2016,70205,Otro,Piña,sin_cambio,271.3038030118612
2015-2016,2015,2016,70205,Piña,Piña,sin_cambio,59.446306173044434
2015-2016,2015,2016,70605,Otro,Piña,sin_cambio,3.3332011059525373
2015-2016,2015,2016,70605,Piña,Piña,sin_cambio,28.82187196145897
2016-2017,2016,2017,11905,Piña,Piña,sin_cambio,472.33030965757865
2016-2017,2016,2017,11908,Cobertura forestal,Piña,perdida_cobertura_arborea,11.234287309130227
2016-2017,2016,2017,11908,Piña,Piña,sin_cambio,826.9288768348025
2016-2017,2016,2017,20114,Nubes,Piña,sin_cambio,1.250632638911181
2016-2017,2016,2017,20114,Pastos,Piña,sin_cambio,26.41622137138195
2016-2017,2016,2017,20114,Piña,Piña,sin_cambio,99.02740217267927
2016-2017,2016,2017,21002,Pastos,Piña,sin_cambio,5.666663889442051
2016-2017,2016,2017,21002,Piña,Piña,sin_cambio,278.62168976036327
2016-2017,2016,2017,21004,Cobertura forestal,Piña,perdida_cobertura_arborea,95.86364058915557
2016-2017,2016,2017,21004,Nubes,Piña,sin_cambio,5.055635073504934
2016-2017,2016,2017,21004,Otros,Piña,sin_cambio,65.20715403093679
2016-2017,2016,2017,21004,Pastos,Piña,sin_cambio,86.45068937515053
2016-2017,2016,2017,21004,Piña,Piña,sin_cambio,2747.2633732585073
2016-2017,2016,2017,21005,Cobertura forestal,Piña,perdida_cobertura_arborea,1.4099490840486044
2016-2017,2016,2017,21005,Pastos,Piña,sin_cambio,11.992933272633213
2016-2017,2016,2017,21005,Piña,Piña,sin_cambio,939.0289290094632
2016-2017,2016,2017,21006,Cobertura forestal,Piña,perdida_cobertura_arborea,21.998821098002022
2016-2017,2016,2017,21006,Nubes,Piña,sin_cambio,3.188344950598591
2016-2017,2016,2017,21006,Otros,Piña,sin_cambio,17.076455212831554
2016-2017,2016,2017,21006,Pastos,Piña,sin_cambio,317.60934520711515
2016-2017,2016,2017,21006,Piña,Piña,sin_cambio,7558.251843265768
2016-2017,2016,2017,21007,Piña,Piña,sin_cambio,99.68144242863121
2016-2017,2016,2017,21009,Piña,Piña,sin_cambio,0.08015479144710759
2016-2017,2016,2017,21011,Cobertura forestal,Piña,perdida_cobertura_arborea,95.9350737960779
2016-2017,2016,2017,21011,Nubes,Piña,sin_cambio,0.370716468688833
2016-2017,2016,2017,21011,Otros,Piña,sin_cambio,165.5716248604624
2016-2017,2016,2017,21011,Pastos,Piña,sin_cambio,201.22081416124985
2016-2017,2016,2017,21011,Piña,Piña,sin_cambio,4417.631671021824
2016-2017,2016,2017,21012,Piña,Piña,sin_cambio,46.397359673995155
2016-2017,2016,2017,21013,Cobertura forestal,Piña,perdida_cobertura_arborea,26.90152302706653
2016-2017,2016,2017,21013,Nubes,Piña,sin_cambio,9.759150013220609
2016-2017,2016,2017,21013,Otros,Piña,sin_cambio,313.553981565556
2016-2017,2016,2017,21013,Pastos,Piña,sin_cambio,410.58239671891005
2016-2017,2016,2017,21013,Piña,Piña,sin_cambio,1202.8384097009975
2016-2017,2016,2017,21301,Cobertura forestal,Piña,perdida_cobertura_arborea,60.848224186074866
2016-2017,2016,2017,21301,Nubes,Piña,sin_cambio,2.168066694642953
2016-2017,2016,2017,21301,Otros,Piña,sin_cambio,2.9908676362692272
2016-2017,2016,2017,21301,Pastos,Piña,sin_cambio,43.83104709078431
2016-2017,2016,2017,21301,Piña,Piña,sin_cambio,1222.6467644465313
2016-2017,2016,2017,21307,Cobertura forestal,Piña,perdida_cobertura_arborea,13.556084495539576
2016-2017,2016,2017,21307,Nubes,Piña,sin_cambio,15.871950198575155
2016-2017,2016,2017,21307,Pastos,Piña,sin_cambio,125.34562241684444
2016-2017,2016,2017,21307,Piña,Piña,sin_cambio,1459.5669599649161
2016-2017,2016,2017,21308,Pastos,Piña,sin_cambio,2.4891382134418683
2016-2017,2016,2017,21308,Piña,Piña,sin_cambio,446.43733440452115
2016-2017,2016,2017,21401,Cobertura forestal,Piña,perdida_cobertura_arborea,244.32965874523717
2016-2017,2016,2017,21401,Nubes,Piña,sin_cambio,51.950361714407705
2016-2017,2016,2017,21401,Otros,Piña,sin_cambio,12.949998531938876
2016-2017,2016,2017,21401,Pastos,Piña,sin_cambio,687.2260454972688
2016-2017,2016,2017,21401,Piña,Piña,sin_cambio,2663.8578196946637
2016-2017,2016,2017,21402,Pastos,Piña,sin_cambio,114.42247055282486
2016-2017,2016,2017,21402,Piña,Piña,sin_cambio,482.2683694500279
2016-2017,2016,2017,21403,Cobertura forestal,Piña,perdida_cobertura_arborea,1.5924143954676622
2016-2017,2016,2017,21403,Nubes,Piña,sin_cambio,65.73141621403103
2016-2017,2016,2017,21403,Otros,Piña,sin_cambio,100.91082402961631
2016-2017,2016,2017,21403,Pastos,Piña,sin_cambio,170.99846276098756
2016-2017,2016,2017,21403,Piña,Piña,sin_cambio,3185.7450256831785
2016-2017,2016,2017,21404,Nubes,Piña,sin_cambio,6.759022505167006
2016-2017,2016,2017,21404,Pastos,Piña,sin_cambio,35.83669757138854
2016-2017,2016,2017,21404,Piña,Piña,sin_cambio,361.4533656247888
2016-2017,2016,2017,21501,Cobertura forestal,Piña,perdida_cobertura_arborea,0.4572851643463313
2016-2017,2016,2017,21501,Otros,Piña,sin_cambio,6.214361971981212
2016-2017,2016,2017,21501,Pastos,Piña,sin_cambio,242.791303757048
2016-2017,2016,2017,21501,Piña,Piña,sin_cambio,311.8075934125418
2016-2017,2016,2017,21502,Cobertura forestal,Piña,perdida_cobertura_arborea,4.565350987284903
2016-2017,2016,2017,21502,Pastos,Piña,sin_cambio,63.05546126223376
2016-2017,2016,2017,21502,Piña,Piña,sin_cambio,265.9426406740629
2016-2017,2016,2017,21504,Otros,Piña,sin_cambio,19.840130861034233
2016-2017,2016,2017,21504,Pastos,Piña,sin_cambio,62.98073001544395
2016-2017,2016,2017,21504,Piña,Piña,sin_cambio,462.6354883948247
2016-2017,2016,2017,21601,Cobertura forestal,Piña,perdida_cobertura_arborea,1.9486033834658814
2016-2017,2016,2017,21601,Pastos,Piña,sin_cambio,1.6663966902252079
2016-2017,2016,2017,21601,Piña,Piña,sin_cambio,354.13076384084593
2016-2017,2016,2017,21602,Cobertura forestal,Piña,perdida_cobertura_arborea,22.243807542005317
2016-2017,2016,2017,21602,Pastos,Piña,sin_cambio,88.06854095083771
2016-2017,2016,2017,21602,Piña,Piña,sin_cambio,1129.2642449360083
2016-2017,2016,2017,21603,Cobertura forestal,Piña,perdida_cobertura_arborea,7.7588734653905505
2016-2017,2016,2017,21603,Pastos,Piña,sin_cambio,28.64923203692789
2016-2017,2016,2017,21603,Piña,Piña,sin_cambio,4288.299587818238
2016-2017,2016,2017,41001,Cobertura forestal,Piña,perdida_cobertura_arborea,15.596215905844998
2016-2017,2016,2017,41001,Otros,Piña,sin_cambio,61.23176460586239
2016-2017,2016,2017,41001,Pastos,Piña,sin_cambio,12.921360927255353
2016-2017,2016,2017,41001,Piña,Piña,sin_cambio,1206.5146408235555
2016-2017,2016,2017,41002,Cobertura forestal,Piña,perdida_cobertura_arborea,15.048778677168222
2016-2017,2016,2017,41002,Pastos,Piña,sin_cambio,41.89382945152221
2016-2017,2016,2017,41002,Piña,Piña,sin_cambio,2405.424814163411
2016-2017,2016,2017,41003,Cobertura forestal,Piña,perdida_cobertura_arborea,7.640756064190574
2016-2017,2016,2017,41003,Pastos,Piña,sin_cambio,39.51993307287598
2016-2017,2016,2017,41003,Piña,Piña,sin_cambio,2013.6847299652964
2016-2017,2016,2017,41004,Cobertura forestal,Piña,perdida_cobertura_arborea,6.956535820940486
2016-2017,2016,2017,41004,Pastos,Piña,sin_cambio,1.802900229923588
2016-2017,2016,2017,41004,Piña,Piña,sin_cambio,130.29195902266798
2016-2017,2016,2017,41005,Cobertura forestal,Piña,perdida_cobertura_arborea,7.917632531245633
2016-2017,2016,2017,41005,Nubes,Piña,sin_cambio,14.978727718970912
2016-2017,2016,2017,41005,Pastos,Piña,sin_cambio,13.572205402912873
2016-2017,2016,2017,41005,Piña,Piña,sin_cambio,241.4485355653092
2016-2017,2016,2017,60301,Pastos,Piña,sin_cambio,15.699309104042294
2016-2017,2016,2017,60301,Piña,Piña,sin_cambio,1407.523900243154
2016-2017,2016,2017,60302,Piña,Piña,sin_cambio,2996.160663277446
2016-2017,2016,2017,60303,Cobertura forestal,Piña,perdida_cobertura_arborea,1.5392576664442426
2016-2017,2016,2017,60303,Piña,Piña,sin_cambio,904.4980301303133
2016-2017,2016,2017,60308,Cobertura forestal,Piña,perdida_cobertura_arborea,13.855134681146023
2016-2017,2016,2017,60308,Pastos,Piña,sin_cambio,351.0976666821077
2016-2017,2016,2017,60309,Piña,Piña,sin_cambio,1649.1360204696248
2016-2017,2016,2017,70202,Nubes,Piña,sin_cambio,94.27950326678746
2016-2017,2016,2017,70202,Piña,Piña,sin_cambio,741.6147421297369
2016-2017,2016,2017,70203,Nubes,Piña,sin_cambio,583.4195872141079
2016-2017,2016,2017,70203,Pastos,Piña,sin_cambio,25.13124990221594
2016-2017,2016,2017,70203,Piña,Piña,sin_cambio,2614.972967918195
2016-2017,2016,2017,70204,Nubes,Piña,sin_cambio,310.6834763592013
2016-2017,2016,2017,70204,Pastos,Piña,sin_cambio,8.263426043364152
2016-2017,2016,2017,70204,Piña,Piña,sin_cambio,2141.5444542812347
2016-2017,2016,2017,70205,Nubes,Piña,sin_cambio,322.0064170105575
2016-2017,2016,2017,70205,Piña,Piña,sin_cambio,30.147536689059827
2016-2017,2016,2017,70207,Pastos,Piña,sin_cambio,27.850046540219342
2016-2017,2016,2017,70302,Nubes,Piña,sin_cambio,29.864755526575472
2016-2017,2016,2017,70302,Piña,Piña,sin_cambio,668.3920037395604
2016-2017,2016,2017,70303,Nubes,Piña,sin_cambio,91.82980859526215
2016-2017,2016,2017,70304,Nubes,Piña,sin_cambio,76.52087613184084
2016-2017,2016,2017,70304,Piña,Piña,sin_cambio,583.1017154960953
2016-2017,2016,2017,70305,Nubes,Piña,sin_cambio,246.02607685649704
2016-2017,2016,2017,70305,Piña,Piña,sin_cambio,483.2240857376616
2016-2017,2016,2017,70306,Nubes,Piña,sin_cambio,528.667606194196
2016-2017,2016,2017,70601,Nubes,Piña,sin_cambio,61.10993720129973
2016-2017,2016,2017,70601,Pastos,Piña,sin_cambio,12.112362296369133
2016-2017,2016,2017,70601,Piña,Piña,sin_cambio,592.043019218767
2016-2017,2016,2017,70604,Pastos,Piña,sin_cambio,22.188273871263355
2016-2017,2016,2017,70604,Piña,Piña,sin_cambio,534.5496158331592
2016-2017,2016,2017,70605,Nubes,Piña,sin_cambio,193.6332346525043
2016-2017,2016,2017,70605,Pastos,Piña,sin_cambio,7.5675575636204595
2016-2017,2016,2017,70605,Piña,Piña,sin_cambio,1382.8604272382063
2017-2018,2017,2018,11905,Piña,Piña,sin_cambio,451.4451393120124
2017-2018,2017,2018,11907,Otros,Piña,sin_cambio,2.612397417923186
2017-2018,2017,2018,11908,Piña,Piña,sin_cambio,772.3915682740052
2017-2018,2017,2018,11912,Otros,Piña,sin_cambio,10.802500996831272
2017-2018,2017,2018,11912,Piña,Piña,sin_cambio,9.580635140517211
2017-2018,2017,2018,20114,Piña,Piña,sin_cambio,129.69158429339205
2017-2018,2017,2018,21002,Piña,Piña,sin_cambio,252.7269444784004
2017-2018,2017,2018,21004,Otros,Piña,sin_cambio,38.32702020128903
2017-2018,2017,2018,21004,Pastos,Piña,sin_cambio,22.96290048206137
2017-2018,2017,2018,21004,Piña,Piña,sin_cambio,2749.3248670207163
2017-2018,2017,2018,21005,Piña,Piña,sin_cambio,891.085975470874
2017-2018,2017,2018,21006,Otros,Piña,sin_cambio,15.619503752839648
2017-2018,2017,2018,21006,Pastos,Piña,sin_cambio,3.7946648110264385
2017-2018,2017,2018,21006,Piña,Piña,sin_cambio,7490.117778264804
2017-2018,2017,2018,21007,Piña,Piña,sin_cambio,94.08331837078985
2017-2018,2017,2018,21009,Piña,Piña,sin_cambio,0.08015479146593209
2017-2018,2017,2018,21011,Otros,Piña,sin_cambio,77.24389258792435
2017-2018,2017,2018,21011,Piña,Piña,sin_cambio,4721.753980834972
2017-2018,2017,2018,21013,Cobertura forestal,Piña,perdida_cobertura_arborea,1.3518928991179195
2017-2018,2017,2018,21013,Otros,Piña,sin_cambio,48.92427778164527
2017-2018,2017,2018,21013,Pastos,Piña,sin_cambio,37.795486085553065
2017-2018,2017,2018,21013,Piña,Piña,sin_cambio,1971.3024204510864
2017-2018,2017,2018,21301,Cobertura forestal,Piña,perdida_cobertura_arborea,12.699153646295677
2017-2018,2017,2018,21301,Nubes,Piña,sin_cambio,0.8375382600571747
2017-2018,2017,2018,21301,Otros,Piña,sin_cambio,21.690784277186722
2017-2018,2017,2018,21301,Pastos,Piña,sin_cambio,42.455362795145284
2017-2018,2017,2018,21301,Piña,Piña,sin_cambio,1426.7336960336056
2017-2018,2017,2018,21307,Cobertura forestal,Piña,perdida_cobertura_arborea,8.585590503209929
2017-2018,2017,2018,21307,Otros,Piña,sin_cambio,14.399352061819243
2017-2018,2017,2018,21307,Pastos,Piña,sin_cambio,19.869258473840716
2017-2018,2017,2018,21307,Piña,Piña,sin_cambio,1619.7986006506337
2017-2018,2017,2018,21308,Pastos,Piña,sin_cambio,0.017171325150409145
2017-2018,2017,2018,21308,Piña,Piña,sin_cambio,443.5271076538148
2017-2018,2017,2018,21401,Cobertura forestal,Piña,perdida_cobertura_arborea,231.8832612093577
2017-2018,2017,2018,21401,Nubes,Piña,sin_cambio,2.3953412588907796
2017-2018,2017,2018,21401,Otros,Piña,sin_cambio,201.45955641898885
2017-2018,2017,2018,21401,Pastos,Piña,sin_cambio,24.919372543808265
2017-2018,2017,2018,21401,Piña,Piña,sin_cambio,3564.8766995503256
2017-2018,2017,2018,21402,Cobertura forestal,Piña,perdida_cobertura_arborea,1.6578715043966525
2017-2018,2017,2018,21402,Pastos,Piña,sin_cambio,5.588753755483673
2017-2018,2017,2018,21402,Piña,Piña,sin_cambio,528.8657213540819
2017-2018,2017,2018,21403,Otros,Piña,sin_cambio,100.22747507020614
2017-2018,2017,2018,21403,Pastos,Piña,sin_cambio,53.37331698750604
2017-2018,2017,2018,21403,Piña,Piña,sin_cambio,3358.0672139823128
2017-2018,2017,2018,21404,Piña,Piña,sin_cambio,395.9910042994425
2017-2018,2017,2018,21501,Cobertura forestal,Piña,perdida_cobertura_arborea,18.66278851109457
2017-2018,2017,2018,21501,Otros,Piña,sin_cambio,33.22717179229521
2017-2018,2017,2018,21501,Pastos,Piña,sin_cambio,138.95792405726567
2017-2018,2017,2018,21501,Piña,Piña,sin_cambio,553.3306384525007
2017-2018,2017,2018,21502,Otros,Piña,sin_cambio,8.045245933443194
2017-2018,2017,2018,21502,Piña,Piña,sin_cambio,276.66726655241706
2017-2018,2017,2018,21504,Cobertura forestal,Piña,perdida_cobertura_arborea,0.9053209060337315
2017-2018,2017,2018,21504,Otros,Piña,sin_cambio,6.851935199628557
2017-2018,2017,2018,21504,Pastos,Piña,sin_cambio,19.25777309784063
2017-2018,2017,2018,21504,Piña,Piña,sin_cambio,608.9265290200748
2017-2018,2017,2018,21601,Otros,Piña,sin_cambio,6.347296702228519
2017-2018,2017,2018,21601,Pastos,Piña,sin_cambio,0.15233083852138624
2017-2018,2017,2018,21601,Piña,Piña,sin_cambio,344.0343210388953
2017-2018,2017,2018,21602,Cobertura forestal,Piña,perdida_cobertura_arborea,10.33415805065537
2017-2018,2017,2018,21602,Otros,Piña,sin_cambio,3.7233514670855072
2017-2018,2017,2018,21602,Pastos,Piña,sin_cambio,1.8093158135507819
2017-2018,2017,2018,21602,Piña,Piña,sin_cambio,1172.614002441749
2017-2018,2017,2018,21603,Cobertura forestal,Piña,perdida_cobertura_arborea,8.012795951159273
2017-2018,2017,2018,21603,Otros,Piña,sin_cambio,19.079261265103323
2017-2018,2017,2018,21603,Piña,Piña,sin_cambio,4133.856778575652
2017-2018,2017,2018,41001,Cobertura forestal,Piña,perdida_cobertura_arborea,9.730541310851676
2017-2018,2017,2018,41001,Piña,Piña,sin_cambio,1258.203838606271
2017-2018,2017,2018,41002,Otros,Piña,sin_cambio,3.684199656803883
2017-2018,2017,2018,41002,Piña,Piña,sin_cambio,2422.901411249428
2017-2018,2017,2018,41003,Cobertura forestal,Piña,perdida_cobertura_arborea,17.15686195873488
2017-2018,2017,2018,41003,Pastos,Piña,sin_cambio,0.26428643782070604
2017-2018,2017,2018,41003,Piña,Piña,sin_cambio,2059.03203282043
2017-2018,2017,2018,41004,Piña,Piña,sin_cambio,136.4460415126613
2017-2018,2017,2018,41005,Otros,Piña,sin_cambio,14.080332050151679
2017-2018,2017,2018,41005,Piña,Piña,sin_cambio,281.0089795313607
2017-2018,2017,2018,60102,Piña,Piña,sin_cambio,870.0533326097402
2017-2018,2017,2018,60301,Piña,Piña,sin_cambio,1330.2383081533792
2017-2018,2017,2018,60302,Piña,Piña,sin_cambio,2792.813439883475
2017-2018,2017,2018,60303,Piña,Piña,sin_cambio,853.5993218835321
2017-2018,2017,2018,60308,Cobertura forestal,Piña,perdida_cobertura_arborea,18.805939289939946
2017-2018,2017,2018,60308,Otros,Piña,sin_cambio,2.0754100627713847
2017-2018,2017,2018,60308,Pastos,Piña,sin_cambio,127.25520753868891
2017-2018,2017,2018,60308,Piña,Piña,sin_cambio,345.2253948687514
2017-2018,2017,2018,60309,Piña,Piña,sin_cambio,1586.368943174496
2017-2018,2017,2018,70202,Cobertura forestal,Piña,perdida_cobertura_arborea,0.9159900653782009
2017-2018,2017,2018,70202,Piña,Piña,sin_cambio,835.2654040410681
2017-2018,2017,2018,70203,Pastos,Piña,sin_cambio,1.4343351659881611
2017-2018,2017,2018,70203,Piña,Piña,sin_cambio,2983.4732775479583
2017-2018,2017,2018,70204,Cobertura forestal,Piña,perdida_cobertura_arborea,1.3177612620365293
2017-2018,2017,2018,70204,Otros,Piña,sin_cambio,67.99528169920966
2017-2018,2017,2018,70204,Pastos,Piña,sin_cambio,39.4202202986757
2017-2018,2017,2018,70204,Piña,Piña,sin_cambio,2440.5055421228312
2017-2018,2017,2018,70205,Otros,Piña,sin_cambio,3.175886133236599
2017-2018,2017,2018,70205,Piña,Piña,sin_cambio,355.40556021503136
2017-2018,2017,2018,70302,Piña,Piña,sin_cambio,696.5598276429174
2017-2018,2017,2018,70303,Piña,Piña,sin_cambio,92.58999327123136
2017-2018,2017,2018,70304,Piña,Piña,sin_cambio,655.171226959047
2017-2018,2017,2018,70305,Piña,Piña,sin_cambio,728.2587404660504
2017-2018,2017,2018,70306,Piña,Piña,sin_cambio,528.3731730941954
2017-2018,2017,2018,70601,Cobertura forestal,Piña,perdida_cobertura_arborea,1.2198519387308941
2017-2018,2017,2018,70601,Piña,Piña,sin_cambio,656.7341010689487
2017-2018,2017,2018,70604,Otros,Piña,sin_cambio,0.5354513396709376
2017-2018,2017,2018,70604,Piña,Piña,sin_cambio,536.8491812407275
2017-2018,2017,2018,70605,Cobertura forestal,Piña,perdida_cobertura_arborea,0.20721892309312145
2017-2018,2017,2018,70605,Otros,Piña,sin_cambio,32.061053446843786
2017-2018,2017,2018,70605,Piña,Piña,sin_cambio,1646.5385923030171
2018-2019,2018,2019,11905,Piña,Piña,sin_cambio,434.5618611929149
2018-2019,2018,2019,11907,Piña,Piña,sin_cambio,2.6123974634644744
2018-2019,2018,2019,11908,Piña,Piña,sin_cambio,748.2820162845715
2018-2019,2018,2019,11912,Piña,Piña,sin_cambio,14.988417458038843
2018-2019,2018,2019,20114,Piña,Piña,sin_cambio,127.2933385534384
2018-2019,2018,2019,21002,Piña,Piña,sin_cambio,251.73956940390192
2018-2019,2018,2019,21004,CA,Piña,perdida_cobertura_arborea,1.015192136210185
2018-2019,2018,2019,21004,Otros usos,Piña,otros_cambios,0.8395427170940162
2018-2019,2018,2019,21004,Piña,Piña,sin_cambio,2787.133338273683
2018-2019,2018,2019,21005,Otros usos,Piña,otros_cambios,6.420626477696483
2018-2019,2018,2019,21005,Piña,Piña,sin_cambio,884.5923540703485
2018-2019,2018,2019,21006,CA,Piña,perdida_cobertura_arborea,0.7236789451426996
2018-2019,2018,2019,21006,Otros usos,Piña,otros_cambios,37.453953270019404
2018-2019,2018,2019,21006,Pastos,Piña,otros_cambios,5.332303959189141
2018-2019,2018,2019,21006,Piña,Piña,sin_cambio,7515.146490897694
2018-2019,2018,2019,21007,Piña,Piña,sin_cambio,91.63433704743682
2018-2019,2018,2019,21009,Piña,Piña,sin_cambio,0.08015479147016387
2018-2019,2018,2019,21011,Otros usos,Piña,otros_cambios,1.0629227683923637
2018-2019,2018,2019,21011,Pastos,Piña,otros_cambios,11.389915794176886
2018-2019,2018,2019,21011,Piña,Piña,sin_cambio,4725.388823223093
2018-2019,2018,2019,21012,Piña,Piña,sin_cambio,199.0115743401849
2018-2019,2018,2019,21013,CA,Piña,perdida_cobertura_arborea,5.68469466049827
2018-2019,2018,2019,21013,Otros usos,Piña,otros_cambios,23.611959823319488
2018-2019,2018,2019,21013,Piña,Piña,sin_cambio,1961.247404974047
2018-2019,2018,2019,21301,CA,Piña,perdida_cobertura_arborea,0.45027214415361977
2018-2019,2018,2019,21301,Piña,Piña,sin_cambio,1393.4375596098823
2018-2019,2018,2019,21307,CA,Piña,perdida_cobertura_arborea,0.06142564850301895
2018-2019,2018,2019,21307,Otros usos,Piña,otros_cambios,0.4962643151361477
2018-2019,2018,2019,21307,Piña,Piña,sin_cambio,1585.7583246010736
2018-2019,2018,2019,21308,Piña,Piña,sin_cambio,402.95921538297586
2018-2019,2018,2019,21401,CA,Piña,perdida_cobertura_arborea,62.243426544567285
2018-2019,2018,2019,21401,Otros usos,Piña,otros_cambios,185.27405913135559
2018-2019,2018,2019,21401,Piña,Piña,sin_cambio,3990.9133163683264
2018-2019,2018,2019,21402,CA,Piña,perdida_cobertura_arborea,1.9764643832389892
2018-2019,2018,2019,21402,Pastos,Piña,otros_cambios,13.424226383852298
2018-2019,2018,2019,21402,Piña,Piña,sin_cambio,534.913818703832
2018-2019,2018,2019,21403,CA,Piña,perdida_cobertura_arborea,4.602585753733132
2018-2019,2018,2019,21403,Otros usos,Piña,otros_cambios,95.81078232928219
2018-2019,2018,2019,21403,Piña,Piña,sin_cambio,3465.0776678934576
2018-2019,2018,2019,21404,Piña,Piña,sin_cambio,386.22394226622936
2018-2019,2018,2019,21501,Pastos,Piña,otros_cambios,8.811698570723763
2018-2019,2018,2019,21501,Piña,Piña,sin_cambio,661.8873810976328
2018-2019,2018,2019,21502,Piña,Piña,sin_cambio,253.06237013599707
2018-2019,2018,2019,21504,CA,Piña,perdida_cobertura_arborea,0.19175230719939676
2018-2019,2018,2019,21504,Otros usos,Piña,otros_cambios,29.186918273273932
2018-2019,2018,2019,21504,Piña,Piña,sin_cambio,557.7693044495072
2018-2019,2018,2019,21601,Piña,Piña,sin_cambio,349.7234125089646
2018-2019,2018,2019,21602,Otros usos,Piña,otros_cambios,0.8239262318780153
2018-2019,2018,2019,21602,Pastos,Piña,otros_cambios,1.6607799489548951
2018-2019,2018,2019,21602,Piña,Piña,sin_cambio,1169.680535728069
2018-2019,2018,2019,21603,CA,Piña,perdida_cobertura_arborea,3.072669624748118
2018-2019,2018,2019,21603,Pastos,Piña,otros_cambios,11.39577930627807
2018-2019,2018,2019,21603,Piña,Piña,sin_cambio,4128.911395065126
2018-2019,2018,2019,41001,Piña,Piña,sin_cambio,1268.4601935072128
2018-2019,2018,2019,41002,Piña,Piña,sin_cambio,2427.7260804540488
2018-2019,2018,2019,41003,Piña,Piña,sin_cambio,2085.9360758453518
2018-2019,2018,2019,41004,Piña,Piña,sin_cambio,135.7385072043814
2018-2019,2018,2019,41005,Piña,Piña,sin_cambio,281.84831073185774
2018-2019,2018,2019,60102,Piña,Piña,sin_cambio,870.0533326097402
2018-2019,2018,2019,60301,Piña,Piña,sin_cambio,1297.3224300842726
2018-2019,2018,2019,60302,Piña,Piña,sin_cambio,2699.644499581963
2018-2019,2018,2019,60303,Piña,Piña,sin_cambio,853.5993175625241
2018-2019,2018,2019,60308,CA,Piña,perdida_cobertura_arborea,1.5126442541513196
2018-2019,2018,2019,60308,Otros usos,Piña,otros_cambios,31.665325937787077
2018-2019,2018,2019,60308,Piña,Piña,sin_cambio,485.68815819708306
2018-2019,2018,2019,60309,Piña,Piña,sin_cambio,1501.3901200563155
2018-2019,2018,2019,70202,Piña,Piña,sin_cambio,824.1873008051188
2018-2019,2018,2019,70203,Otros usos,Piña,otros_cambios,2.955798744539426
2018-2019,2018,2019,70203,Piña,Piña,sin_cambio,2932.052142649064
2018-2019,2018,2019,70204,Otros usos,Piña,otros_cambios,10.772275874698868
2018-2019,2018,2019,70204,Piña,Piña,sin_cambio,2538.831907860339
2018-2019,2018,2019,70205,Piña,Piña,sin_cambio,357.39736191578993
2018-2019,2018,2019,70302,Piña,Piña,sin_cambio,691.0409237605076
2018-2019,2018,2019,70303,Piña,Piña,sin_cambio,92.17733039801307
2018-2019,2018,2019,70304,Otros usos,Piña,otros_cambios,0.18744162404164305
2018-2019,2018,2019,70304,Piña,Piña,sin_cambio,649.0831333040051
2018-2019,2018,2019,70305,Piña,Piña,sin_cambio,721.8984147514461
2018-2019,2018,2019,70306,Piña,Piña,sin_cambio,520.7308891541877
2018-2019,2018,2019,70601,CA,Piña,perdida_cobertura_arborea,7.459031607261734
2018-2019,2018,2019,70601,Otros usos,Piña,otros_cambios,10.049805314701942
2018-2019,2018,2019,70601,Piña,Piña,sin_cambio,596.2616829516172
2018-2019,2018,2019,70604,Piña,Piña,sin_cambio,522.5726019997995
2018-2019,2018,2019,70605,Otros usos,Piña,otros_cambios,163.56473619314085
2018-2019,2018,2019,70605,Pastos,Piña,otros_cambios,35.09563014006191
2018-2019,2018,2019,70605,Piña,Piña,sin_cambio,1686.1771533693739
