anio,cod_distrito,ha
2000,20114,7.395582782767175
2000,21002,159.1420402404364
2000,21004,783.3951730956069
2000,21005,409.2205760531027
2000,21006,2075.4527603606402
2000,21009,17.505852526578185
2000,21011,307.9622320591014
2000,21013,50.907404067063325
2000,21307,207.68563504021947
2000,21501,5.120822385036398
2000,21502,8.857708992016828
2000,21504,2.675599258875645
2000,21601,155.81436609197493
2000,21602,459.85622871463954
2000,21603,493.5200260933064
2000,41002,1392.241097689307
2000,41005,1.994169989962213
2000,60301,1270.8883947248405
2000,60302,2419.266586805355
2000,60309,1392.9745693038728
2000,70202,196.47881013608185
2000,70204,127.8827687125871
2000,70302,288.81244750829086
2000,70303,90.46559476448228
2000,70304,49.64749759156469
2000,70305,245.265785920016
2000,70306,118.76894226625049
2000,70601,490.6229261401409
2000,70605,74.26626108543753
2015,11902,0.15703221780708362
2015,11905,461.3143510666624
2015,11908,758.4128921002437
2015,20114,103.67701429329722
2015,20213,3.1049659027578542
2015,21002,285.0973476440709
2015,21004,2880.08833820161
2015,21005,1025.5632897816931
2015,21006,7813.24378827211
2015,21007,401.4342761878357
2015,21008,3.0077176033896755
2015,21009,101.57319194797114
2015,21011,3992.1477564881534
2015,21012,160.9378151213768
2015,21013,846.7385538338615
2015,21301,1213.0170715057461
2015,21303,8.233453922251432
2015,21304,9.568809833538207
2015,21307,1065.4256842850436
2015,21308,354.15042554659175
2015,21401,1484.0982560166483
2015,21402,326.32924846371014
2015,21403,3037.1983320494915
2015,21404,79.47059943114652
2015,21501,225.964369480728
2015,21502,382.96110223629756
2015,21504,810.044455935556
2015,21601,320.7867226462892
2015,21602,1143.2571695112895
2015,21603,4309.956652422618
2015,41001,1063.2989395329014
2015,41002,2005.6710541117857
2015,41003,1947.9666778671913
2015,41004,79.61369649376665
2015,41005,229.31899637960925
2015,60102,877.9945080861419
2015,60301,1383.5279570396374
2015,60302,2971.3695860129646
2015,60303,902.730624827128
2015,60308,2.1432113782952817
2015,60309,1550.3590531402044
2015,60601,222.31185749409207
2015,70202,634.3567878782628
2015,70203,2738.7522370496204
2015,70204,2008.1587863392197
2015,70205,6.1280022584396505
2015,70207,30.467941843431745
2015,70302,714.5973830163376
2015,70303,95.88054946267762
2015,70304,654.1723449120864
2015,70305,785.2105996523546
2015,70306,577.406027052426
2015,70307,9.761769050481476e-05
2015,70601,861.4638536136332
2015,70603,157.35263566777067
2015,70604,694.3017939121595
2015,70605,1625.7032878534174
2017,11905,472.33030965757854
2017,11908,838.2941759072402
2017,20114,126.69425618294069
2017,21002,284.2883536498059
2017,21004,2999.840492326836
2017,21005,952.4318113661452
2017,21006,7918.124809734028
2017,21007,99.68144242863121
2017,21009,0.08015479146593209
2017,21011,4880.729900307841
2017,21012,46.397359673995155
2017,21013,1963.6354610265946
2017,21301,1332.487057369093
2017,21307,1614.340617106087
2017,21308,448.9264726682953
2017,21401,3663.9794333634472
2017,21402,596.6908399807566
2017,21403,3535.833598244126
2017,21404,404.04908571090704
2017,21501,561.2707300226413
2017,21502,333.5634532079024
2017,21504,545.4563495156987
2017,21601,357.74576391450677
2017,21602,1239.5765934286367
2017,21603,4324.707693320739
2017,41001,1296.2639822625022
2017,41002,2462.3674222922273
2017,41003,2060.9969844039374
2017,41004,139.05139507338754
2017,41005,277.9171012184718
2017,60102,870.0533326097402
2017,60301,1423.2232093471926
2017,60302,2998.0968660102635
2017,60303,906.0372877967594
2017,60308,364.95280136325374
2017,60309,1649.136020469626
2017,70202,835.8942453965243
2017,70203,3086.7295372393855
2017,70204,2460.4913570648255
2017,70205,352.1539536996173
2017,70207,27.850046540219342
2017,70302,698.2567588752923
2017,70303,91.82980859526218
2017,70304,659.622591627936
2017,70305,729.250162239385
2017,70306,528.6676061941956
2017,70601,665.2813782757311
2017,70604,556.737890955955
2017,70605,1584.0612194528348
2018,11905,451.4451393120124
2018,11907,2.6123974179395804
2018,11908,772.3915682740052
2018,11912,20.38313613692951
2018,20114,129.69158429339205
2018,21002,252.7269444784004
2018,21004,2810.6147876562754
2018,21005,891.085975470874
2018,21006,7509.531946847389
2018,21007,94.08331837078985
2018,21009,0.08015479146593209
2018,21011,4798.997873422912
2018,21013,2059.374076906587
2018,21301,1504.4165349938648
2018,21307,1662.652801688204
2018,21308,443.54427897898745
2018,21401,4025.5342305390186
2018,21402,536.1123468668058
2018,21403,3511.6680060378917
2018,21404,395.9910042994425
2018,21501,744.1785228426916
2018,21502,284.7125124858686
2018,21504,635.9415584711124
2018,21601,350.53394862167715
2018,21602,1188.4808277727104
2018,21603,4160.9488357843275
2018,41001,1267.934379917115
2018,41002,2426.5856109062343
2018,41003,2076.4531812182113
2018,41004,136.4460415126613
2018,41005,295.08931158151233
2018,60102,870.0533326097402
2018,60301,1330.2383081533792
2018,60302,2792.813439883475
2018,60303,853.5993218835321
2018,60308,493.3619517537172
2018,60309,1586.368943174496
2018,70202,836.1813940945065
2018,70203,2984.9076127139383
2018,70204,2549.2388053829563
2018,70205,358.5814463482004
2018,70302,696.5598276429174
2018,70303,92.58999327123136
2018,70304,655.171226959047
2018,70305,728.2587404660504
2018,70306,528.3731730941954
2018,70601,657.9539530077036
2018,70604,537.384632580434
2018,70605,1678.8068646737183
2019,11905,434.5618685675817
2019,11907,2.6123974179395804
2019,11908,748.2820118318621
2019,11912,14.98841908623514
2019,20114,127.29333783751885
2019,21002,251.73956871569735
2019,21004,2788.9880630520383
2019,21005,891.01298340183
2019,21006,7558.656436052791
2019,21007,91.63433431235794
2019,21009,0.08015479142551338
2019,21011,4737.8416443428
2019,21012,199.01157731787748
2019,21013,1990.5440533769233
2019,21301,1393.887824140422
2019,21307,1586.3160195377736
2019,21308,402.9592137973758
2019,21401,4238.434719021977
2019,21402,550.3145200203421
2019,21403,3567.768969602529
2019,21404,386.2239450748562
2019,21501,670.6990714475054
2019,21502,253.06237143559852
2019,21504,587.1479750358171
2019,21601,349.7234119643406
2019,21602,1172.1652420870353
2019,21603,4143.379849094423
2019,41001,1268.4601969207656
2019,41002,2427.7260784666005
2019,41003,2085.9360769477653
2019,41004,135.7385091762433
2019,41005,281.8483155668332
2019,60102,870.0533326097402
2019,60301,1297.3224291993627
2019,60302,2699.6444883481286
2019,60303,853.5993218835321
2019,60308,518.8661333142335
2019,60309,1501.3901150124966
2019,70202,824.1873030979181
2019,70203,2935.0079393019514
2019,70204,2549.6041849315898
2019,70205,357.3973641319332
2019,70302,691.0409243867257
2019,70303,92.177329698918
2019,70304,649.2705744886913
2019,70305,721.8984131972413
2019,70306,520.7308920352589
2019,70601,613.7705227222218
2019,70604,522.5726054392243
2019,70605,1884.8375211929635
