fecha,cod_bloque,labor,jornales,costo_real_crc,costo_presupuesto_crc
2024-01-29,N-01,Fertilizacion,33.9,1963448.0,1712160.0
2024-03-29,N-01,Control biologico,24.5,1174591.0,944640.0
2024-05-28,N-01,Deshierba,52.1,937706.0,885600.0
2024-09-25,N-01,Induccion floral,22.8,867335.0,747840.0
2025-02-22,N-01,Cosecha,90.1,1801082.0,1771200.0
2025-06-16,N-01,Preparacion de suelo,52.2,1722592.0,1948320.0
2025-07-06,N-01,Siembra,163.5,7029007.0,5923680.0
2025-09-04,N-01,Fertilizacion,34.9,2021522.0,1712160.0
2025-11-03,N-01,Control biologico,19.7,947772.0,944640.0
2026-01-02,N-01,Deshierba,55.7,1003061.0,885600.0
2026-05-02,N-01,Induccion floral,20.8,790596.0,747840.0
2026-09-29,N-01,Cosecha,101.8,2035218.0,1771200.0
2024-04-13,N-02,Preparacion de suelo,64.4,2126827.0,1742400.0
2024-05-03,N-02,Siembra,133.6,5746135.0,5297600.0
2024-07-02,N-02,Fertilizacion,26.2,1517426.0,1531200.0
2024-08-31,N-02,Control biologico,19.7,946348.0,844800.0
2024-10-30,N-02,Deshierba,54.0,972455.0,792000.0
2025-02-27,N-02,Induccion floral,21.8,830151.0,668800.0
2025-07-27,N-02,Cosecha,76.3,1525680.0,1584000.0
2026-01-05,N-02,Preparacion de suelo,63.3,2088676.0,1742400.0
2026-01-25,N-02,Siembra,113.0,4857859.0,5297600.0
2026-03-26,N-02,Fertilizacion,32.7,1899452.0,1531200.0
2026-05-25,N-02,Control biologico,20.3,972709.0,844800.0
2026-07-24,N-02,Deshierba,40.3,725953.0,792000.0
2024-04-18,N-03,Preparacion de suelo,51.6,1701660.0,1609740.0
2024-05-08,N-03,Siembra,114.1,4908345.0,4894260.0
2024-07-07,N-03,Fertilizacion,21.5,1246433.0,1414620.0
2024-09-05,N-03,Control biologico,20.2,969593.0,780480.0
2024-11-04,N-03,Deshierba,34.8,626544.0,731700.0
2025-03-04,N-03,Induccion floral,19.8,752520.0,617880.0
2025-08-01,N-03,Cosecha,63.1,1262497.0,1463400.0
2025-11-27,N-03,Preparacion de suelo,55.2,1822704.0,1609740.0
2025-12-17,N-03,Siembra,101.2,4350982.0,4894260.0
2026-02-15,N-03,Fertilizacion,29.2,1691349.0,1414620.0
2026-04-16,N-03,Control biologico,18.0,866279.0,780480.0
2026-06-15,N-03,Deshierba,49.9,897578.0,731700.0
2026-09-13,N-03,Induccion floral,20.3,771176.0,617880.0
2024-04-29,N-04,Cosecha,97.9,1957649.0,1933200.0
2024-08-17,N-04,Preparacion de suelo,70.1,2312447.0,2126520.0
2024-09-06,N-04,Siembra,128.6,5528080.0,6465480.0
2024-11-05,N-04,Fertilizacion,38.2,2217116.0,1868760.0
2025-01-04,N-04,Control biologico,19.9,954662.0,1031040.0
2025-03-05,N-04,Deshierba,63.2,1137437.0,966600.0
2025-07-03,N-04,Induccion floral,21.3,809953.0,816240.0
2025-11-30,N-04,Cosecha,86.3,1725651.0,1933200.0
2026-03-28,N-04,Preparacion de suelo,60.0,1978395.0,2126520.0
2026-04-17,N-04,Siembra,136.6,5874027.0,6465480.0
2026-06-16,N-04,Fertilizacion,40.0,2317756.0,1868760.0
2026-08-15,N-04,Control biologico,22.0,1055030.0,1031040.0
2024-02-26,N-05,Deshierba,36.9,664299.0,635400.0
2024-06-25,N-05,Induccion floral,12.6,479583.0,536560.0
2024-11-22,N-05,Cosecha,63.3,1265545.0,1270800.0
2025-04-19,N-05,Preparacion de suelo,38.0,1252867.0,1397880.0
2025-05-09,N-05,Siembra,109.8,4721517.0,4250120.0
2025-07-08,N-05,Fertilizacion,18.4,1064613.0,1228440.0
2025-09-06,N-05,Control biologico,13.6,652481.0,677760.0
2025-11-05,N-05,Deshierba,42.5,764857.0,635400.0
2026-04-04,N-05,Induccion floral,16.0,609377.0,536560.0
2026-09-01,N-05,Cosecha,59.5,1189524.0,1270800.0
2024-01-02,N-06,Siembra,137.0,5891317.0,5971840.0
2024-03-02,N-06,Fertilizacion,28.6,1661449.0,1726080.0
2024-05-01,N-06,Control biologico,22.4,1077489.0,952320.0
2024-06-30,N-06,Deshierba,51.5,927317.0,892800.0
2024-10-28,N-06,Induccion floral,17.3,656133.0,753920.0
2025-03-27,N-06,Cosecha,83.1,1661978.0,1785600.0
2025-07-20,N-06,Preparacion de suelo,53.7,1772530.0,1964160.0
2025-08-09,N-06,Siembra,123.3,5301986.0,5971840.0
2025-10-08,N-06,Fertilizacion,32.9,1905540.0,1726080.0
2025-12-07,N-06,Control biologico,17.5,841878.0,952320.0
2026-02-05,N-06,Deshierba,56.1,1009864.0,892800.0
2026-05-06,N-06,Induccion floral,18.3,694754.0,753920.0
2024-03-27,N-07,Preparacion de suelo,64.0,2110880.0,2336400.0
2024-04-16,N-07,Siembra,158.3,6806818.0,7103600.0
2024-06-15,N-07,Fertilizacion,33.3,1929641.0,2053200.0
2024-08-14,N-07,Control biologico,27.0,1298050.0,1132800.0
2024-10-13,N-07,Deshierba,59.3,1066657.0,1062000.0
2025-02-10,N-07,Induccion floral,26.1,992448.0,896800.0
2025-07-10,N-07,Cosecha,107.2,2144717.0,2124000.0
2025-11-25,N-07,Preparacion de suelo,88.5,2919050.0,2336400.0
2025-12-15,N-07,Siembra,190.1,8174545.0,7103600.0
2026-02-13,N-07,Fertilizacion,39.9,2313927.0,2053200.0
2026-04-14,N-07,Control biologico,27.7,1328662.0,1132800.0
2026-06-13,N-07,Deshierba,51.6,929644.0,1062000.0
2024-03-15,N-08,Cosecha,108.1,2161791.0,2073600.0
2024-06-28,N-08,Preparacion de suelo,78.7,2596151.0,2280960.0
2024-07-18,N-08,Siembra,147.8,6356150.0,6935040.0
2024-09-16,N-08,Fertilizacion,41.1,2384237.0,2004480.0
2024-11-15,N-08,Control biologico,25.6,1230551.0,1105920.0
2025-01-14,N-08,Deshierba,67.0,1205607.0,1036800.0
2025-04-14,N-08,Induccion floral,22.0,837847.0,875520.0
2025-09-11,N-08,Cosecha,127.2,2544311.0,2073600.0
2026-03-11,N-08,Preparacion de suelo,68.3,2254542.0,2280960.0
2026-03-31,N-08,Siembra,148.5,6386085.0,6935040.0
2026-05-30,N-08,Fertilizacion,29.5,1711598.0,2004480.0
2026-07-29,N-08,Control biologico,20.3,972827.0,1105920.0
2026-09-27,N-08,Deshierba,52.5,944582.0,1036800.0
2024-02-05,N-09,Cosecha,81.9,1637636.0,1893600.0
2024-08-19,N-09,Preparacion de suelo,58.8,1940143.0,2082960.0
2024-09-08,N-09,Siembra,174.8,7514428.0,6333040.0
2024-11-07,N-09,Fertilizacion,36.5,2115703.0,1830480.0
2025-01-06,N-09,Control biologico,23.5,1127730.0,1009920.0
2025-03-07,N-09,Deshierba,52.7,948475.0,946800.0
2025-06-05,N-09,Induccion floral,25.2,956561.0,799520.0
2025-11-02,N-09,Cosecha,117.2,2344091.0,1893600.0
2026-05-16,N-09,Preparacion de suelo,66.9,2207515.0,2082960.0
2026-06-05,N-09,Siembra,137.4,5906502.0,6333040.0
2026-08-04,N-09,Fertilizacion,38.1,2207578.0,1830480.0
2024-01-15,N-10,Deshierba,48.5,873413.0,818100.0
2024-05-14,N-10,Induccion floral,17.3,655654.0,690840.0
2024-10-11,N-10,Cosecha,79.0,1579861.0,1636200.0
2025-03-26,N-10,Preparacion de suelo,64.8,2137406.0,1799820.0
2025-04-15,N-10,Siembra,115.2,4953173.0,5472180.0
2025-06-14,N-10,Fertilizacion,25.0,1450681.0,1581660.0
2025-08-13,N-10,Control biologico,16.1,774324.0,872640.0
2025-10-12,N-10,Deshierba,44.6,802210.0,818100.0
2026-01-10,N-10,Induccion floral,19.5,739249.0,690840.0
2026-06-09,N-10,Cosecha,83.9,1678767.0,1636200.0
2024-01-20,N-11,Deshierba,38.5,693389.0,782100.0
2024-04-19,N-11,Induccion floral,18.8,714068.0,660440.0
2024-09-16,N-11,Cosecha,81.2,1623494.0,1564200.0
2025-02-06,N-11,Preparacion de suelo,45.7,1507846.0,1720620.0
2025-02-26,N-11,Siembra,129.7,5575907.0,5231380.0
2025-04-27,N-11,Fertilizacion,27.6,1598152.0,1512060.0
2025-06-26,N-11,Control biologico,17.5,840017.0,834240.0
2025-08-25,N-11,Deshierba,42.9,771482.0,782100.0
2026-01-22,N-11,Induccion floral,15.3,582564.0,660440.0
2026-06-21,N-11,Cosecha,77.4,1548334.0,1564200.0
2026-09-01,N-11,Preparacion de suelo,61.8,2039644.0,1720620.0
2026-09-21,N-11,Siembra,119.7,5147097.0,5231380.0
2024-01-13,N-12,Fertilizacion,24.3,1406508.0,1397220.0
2024-03-13,N-12,Control biologico,16.9,812124.0,770880.0
2024-05-12,N-12,Deshierba,46.4,835116.0,722700.0
2024-10-09,N-12,Induccion floral,17.4,662777.0,610280.0
2025-03-08,N-12,Cosecha,86.3,1726838.0,1445400.0
2025-07-21,N-12,Preparacion de suelo,44.5,1468540.0,1589940.0
2025-08-10,N-12,Siembra,123.8,5322571.0,4834060.0
2025-10-09,N-12,Fertilizacion,26.4,1533988.0,1397220.0
2025-12-08,N-12,Control biologico,14.8,711633.0,770880.0
2026-02-06,N-12,Deshierba,35.0,630285.0,722700.0
2026-07-06,N-12,Induccion floral,17.1,649826.0,610280.0
2024-03-19,N-13,Preparacion de suelo,39.0,1288190.0,1457280.0
2024-04-08,N-13,Siembra,128.5,5525054.0,4430720.0
2024-06-07,N-13,Fertilizacion,25.8,1494925.0,1280640.0
2024-08-06,N-13,Control biologico,13.8,662018.0,706560.0
2024-10-05,N-13,Deshierba,42.5,765333.0,662400.0
2025-03-04,N-13,Induccion floral,13.4,510835.0,559360.0
2025-08-01,N-13,Cosecha,77.0,1540265.0,1324800.0
2025-10-03,N-13,Preparacion de suelo,47.8,1578643.0,1457280.0
2025-10-23,N-13,Siembra,111.8,4806626.0,4430720.0
2025-12-22,N-13,Fertilizacion,21.9,1268738.0,1280640.0
2026-02-20,N-13,Control biologico,16.9,809967.0,706560.0
2026-04-21,N-13,Deshierba,38.3,689463.0,662400.0
2026-07-20,N-13,Induccion floral,15.1,573703.0,559360.0
2024-02-02,N-14,Cosecha,79.9,1598398.0,1647000.0
2024-08-18,N-14,Preparacion de suelo,66.5,2195752.0,1811700.0
2024-09-07,N-14,Siembra,115.4,4963991.0,5508300.0
2024-11-06,N-14,Fertilizacion,29.0,1681111.0,1592100.0
2025-01-05,N-14,Control biologico,19.9,956556.0,878400.0
2025-03-06,N-14,Deshierba,39.9,718913.0,823500.0
2025-08-03,N-14,Induccion floral,22.0,837386.0,695400.0
2025-12-31,N-14,Cosecha,102.6,2051340.0,1647000.0
2026-03-23,N-14,Preparacion de suelo,67.5,2227072.0,1811700.0
2026-04-12,N-14,Siembra,130.3,5601666.0,5508300.0
2026-06-11,N-14,Fertilizacion,26.6,1541957.0,1592100.0
2026-08-10,N-14,Control biologico,16.4,786239.0,878400.0
2024-03-30,N-15,Preparacion de suelo,69.9,2305240.0,1976040.0
2024-04-19,N-15,Siembra,144.2,6199351.0,6007960.0
2024-06-18,N-15,Fertilizacion,36.5,2117618.0,1736520.0
2024-08-17,N-15,Control biologico,18.6,893139.0,958080.0
2024-10-16,N-15,Deshierba,53.7,967179.0,898200.0
2025-03-15,N-15,Induccion floral,24.3,921832.0,758480.0
2025-08-12,N-15,Cosecha,80.3,1605214.0,1796400.0
2025-10-15,N-15,Preparacion de suelo,60.1,1982154.0,1976040.0
2025-11-04,N-15,Siembra,143.6,6175273.0,6007960.0
2026-01-03,N-15,Fertilizacion,26.7,1546285.0,1736520.0
2026-03-04,N-15,Control biologico,24.8,1188340.0,958080.0
2026-05-03,N-15,Deshierba,57.8,1040657.0,898200.0
2026-08-01,N-15,Induccion floral,21.9,832468.0,758480.0
2024-05-07,N-16,Cosecha,50.0,1000546.0,1094400.0
2024-09-10,N-16,Preparacion de suelo,40.2,1326634.0,1203840.0
2024-09-30,N-16,Siembra,82.3,3538542.0,3660160.0
2024-11-29,N-16,Fertilizacion,16.7,967240.0,1057920.0
2025-01-28,N-16,Control biologico,10.7,514068.0,583680.0
2025-03-29,N-16,Deshierba,33.7,607254.0,547200.0
2025-08-26,N-16,Induccion floral,14.8,563319.0,462080.0
2026-01-23,N-16,Cosecha,62.0,1239817.0,1094400.0
2026-03-31,N-16,Preparacion de suelo,40.8,1346210.0,1203840.0
2026-04-20,N-16,Siembra,88.7,3812280.0,3660160.0
2026-06-19,N-16,Fertilizacion,21.5,1248483.0,1057920.0
2026-08-18,N-16,Control biologico,14.1,676956.0,583680.0
2024-05-28,N-17,Cosecha,65.1,1302756.0,1474200.0
2024-09-26,N-17,Preparacion de suelo,56.2,1854932.0,1621620.0
2024-10-16,N-17,Siembra,128.1,5507377.0,4930380.0
2024-12-15,N-17,Fertilizacion,25.3,1467416.0,1425060.0
2025-02-13,N-17,Control biologico,17.8,853788.0,786240.0
2025-04-14,N-17,Deshierba,50.9,916817.0,737100.0
2025-07-13,N-17,Induccion floral,14.4,547553.0,622440.0
2025-12-10,N-17,Cosecha,86.8,1736587.0,1474200.0
2026-06-16,N-17,Preparacion de suelo,59.0,1948032.0,1621620.0
2026-07-06,N-17,Siembra,99.5,4279255.0,4930380.0
2026-09-04,N-17,Fertilizacion,29.9,1732371.0,1425060.0
2024-05-17,N-18,Cosecha,69.5,1389561.0,1290600.0
2024-11-27,N-18,Preparacion de suelo,43.8,1446411.0,1419660.0
2024-12-17,N-18,Siembra,124.3,5346618.0,4316340.0
2025-02-15,N-18,Fertilizacion,26.1,1512944.0,1247580.0
2025-04-16,N-18,Control biologico,12.8,615641.0,688320.0
2025-06-15,N-18,Deshierba,41.1,740582.0,645300.0
2025-09-13,N-18,Induccion floral,17.2,653257.0,544920.0
2026-02-10,N-18,Cosecha,59.7,1193889.0,1290600.0
2026-07-19,N-18,Preparacion de suelo,49.6,1636962.0,1419660.0
2026-08-08,N-18,Siembra,120.5,5180611.0,4316340.0
2024-02-06,N-19,Induccion floral,19.4,738607.0,654360.0
2024-07-05,N-19,Cosecha,95.6,1912464.0,1549800.0
2024-11-20,N-19,Preparacion de suelo,45.4,1496706.0,1704780.0
2024-12-10,N-19,Siembra,136.8,5883554.0,5183220.0
2025-02-08,N-19,Fertilizacion,29.2,1693674.0,1498140.0
2025-04-09,N-19,Control biologico,14.8,710607.0,826560.0
2025-06-08,N-19,Deshierba,43.3,780093.0,774900.0
2025-11-05,N-19,Induccion floral,15.1,574310.0,654360.0
2026-04-04,N-19,Cosecha,86.6,1731071.0,1549800.0
2026-07-10,N-19,Preparacion de suelo,60.3,1990239.0,1704780.0
2026-07-30,N-19,Siembra,150.6,6475095.0,5183220.0
2026-09-28,N-19,Fertilizacion,24.3,1410195.0,1498140.0
2024-04-18,N-20,Induccion floral,19.2,727707.0,592800.0
2024-09-15,N-20,Cosecha,74.9,1497655.0,1404000.0
2025-01-28,N-20,Preparacion de suelo,41.8,1378502.0,1544400.0
2025-02-17,N-20,Siembra,95.7,4115302.0,4695600.0
2025-04-18,N-20,Fertilizacion,23.4,1358422.0,1357200.0
2025-06-17,N-20,Control biologico,14.2,683688.0,748800.0
2025-08-16,N-20,Deshierba,44.1,794175.0,702000.0
2026-01-13,N-20,Induccion floral,19.0,720593.0,592800.0
2026-06-12,N-20,Cosecha,64.6,1292140.0,1404000.0
2024-01-19,N-21,Preparacion de suelo,62.7,2069764.0,2227500.0
2024-02-08,N-21,Siembra,141.7,6093833.0,6772500.0
2024-04-08,N-21,Fertilizacion,39.5,2291128.0,1957500.0
2024-06-07,N-21,Control biologico,26.5,1270062.0,1080000.0
2024-08-06,N-21,Deshierba,66.1,1189672.0,1012500.0
2025-01-03,N-21,Induccion floral,24.6,935038.0,855000.0
2025-06-02,N-21,Cosecha,98.7,1974489.0,2025000.0
2025-08-25,N-21,Preparacion de suelo,69.4,2288858.0,2227500.0
2025-09-14,N-21,Siembra,176.9,7604893.0,6772500.0
2025-11-13,N-21,Fertilizacion,36.8,2135997.0,1957500.0
2026-01-12,N-21,Control biologico,26.6,1276048.0,1080000.0
2026-03-13,N-21,Deshierba,61.9,1113447.0,1012500.0
2026-07-11,N-21,Induccion floral,25.4,964127.0,855000.0
2024-05-02,N-22,Preparacion de suelo,58.3,1923402.0,2134440.0
2024-05-22,N-22,Siembra,141.7,6093095.0,6489560.0
2024-07-21,N-22,Fertilizacion,32.0,1857273.0,1875720.0
2024-09-19,N-22,Control biologico,21.4,1028341.0,1034880.0
2024-11-18,N-22,Deshierba,47.7,859118.0,970200.0
2025-02-16,N-22,Induccion floral,25.2,955751.0,819280.0
2025-07-16,N-22,Cosecha,98.7,1974521.0,1940400.0
2025-11-28,N-22,Preparacion de suelo,65.7,2169452.0,2134440.0
2025-12-18,N-22,Siembra,136.6,5875810.0,6489560.0
2026-02-16,N-22,Fertilizacion,33.3,1930907.0,1875720.0
2026-04-17,N-22,Control biologico,22.3,1068477.0,1034880.0
2026-06-16,N-22,Deshierba,52.4,943801.0,970200.0
2026-09-14,N-22,Induccion floral,23.2,880963.0,819280.0
2024-04-07,N-23,Induccion floral,18.8,716264.0,613320.0
2024-09-04,N-23,Cosecha,65.0,1299744.0,1452600.0
2025-01-17,N-23,Preparacion de suelo,50.6,1668702.0,1597860.0
2025-02-06,N-23,Siembra,118.2,5081736.0,4858140.0
2025-04-07,N-23,Fertilizacion,28.6,1658876.0,1404180.0
2025-06-06,N-23,Control biologico,19.5,936018.0,774720.0
2025-08-05,N-23,Deshierba,43.7,787100.0,726300.0
2025-12-03,N-23,Induccion floral,19.1,725429.0,613320.0
2026-05-02,N-23,Cosecha,88.9,1778126.0,1452600.0
2026-08-19,N-23,Preparacion de suelo,46.0,1517026.0,1597860.0
2026-09-08,N-23,Siembra,112.4,4834959.0,4858140.0
2024-05-26,N-24,Induccion floral,26.2,996776.0,887680.0
2024-10-23,N-24,Cosecha,116.4,2327694.0,2102400.0
2025-02-06,N-24,Preparacion de suelo,83.2,2746729.0,2312640.0
2025-02-26,N-24,Siembra,200.0,8599951.0,7031360.0
2025-04-27,N-24,Fertilizacion,40.1,2323901.0,2032320.0
2025-06-26,N-24,Control biologico,24.4,1169023.0,1121280.0
2025-08-25,N-24,Deshierba,68.2,1228470.0,1051200.0
2025-12-23,N-24,Induccion floral,29.2,1108993.0,887680.0
2026-05-22,N-24,Cosecha,121.7,2433488.0,2102400.0
2024-02-22,S-01,Control biologico,15.1,725525.0,825600.0
2024-04-22,S-01,Deshierba,45.3,814780.0,774000.0
2024-09-19,S-01,Induccion floral,15.2,577003.0,653600.0
2025-02-16,S-01,Cosecha,90.2,1803165.0,1548000.0
2025-04-23,S-01,Preparacion de suelo,58.4,1927189.0,1702800.0
2025-05-13,S-01,Siembra,147.4,6336248.0,5177200.0
2025-07-12,S-01,Fertilizacion,24.2,1404475.0,1496400.0
2025-09-10,S-01,Control biologico,15.5,745282.0,825600.0
2025-11-09,S-01,Deshierba,46.3,833713.0,774000.0
2026-04-08,S-01,Induccion floral,20.5,777527.0,653600.0
2026-09-05,S-01,Cosecha,72.4,1447641.0,1548000.0
2024-03-30,S-02,Induccion floral,21.9,832267.0,866400.0
2024-08-27,S-02,Cosecha,106.3,2125384.0,2052000.0
2024-11-30,S-02,Preparacion de suelo,77.6,2562346.0,2257200.0
2024-12-20,S-02,Siembra,191.0,8214260.0,6862800.0
2025-02-18,S-02,Fertilizacion,37.2,2158651.0,1983600.0
2025-04-19,S-02,Control biologico,22.7,1088328.0,1094400.0
2025-06-18,S-02,Deshierba,58.6,1054534.0,1026000.0
2025-11-15,S-02,Induccion floral,25.6,972486.0,866400.0
2026-04-14,S-02,Cosecha,126.0,2520327.0,2052000.0
2026-07-26,S-02,Preparacion de suelo,61.2,2019310.0,2257200.0
2026-08-15,S-02,Siembra,146.8,6310586.0,6862800.0
2024-02-25,S-03,Preparacion de suelo,58.3,1924018.0,2015640.0
2024-03-16,S-03,Siembra,128.2,5514262.0,6128360.0
2024-05-15,S-03,Fertilizacion,29.7,1724376.0,1771320.0
2024-07-14,S-03,Control biologico,20.6,987620.0,977280.0
2024-09-12,S-03,Deshierba,49.5,890784.0,916200.0
2025-01-10,S-03,Induccion floral,19.2,731189.0,773680.0
2025-06-09,S-03,Cosecha,113.8,2275179.0,1832400.0
2025-11-25,S-03,Preparacion de suelo,54.9,1811269.0,2015640.0
2025-12-15,S-03,Siembra,128.9,5544751.0,6128360.0
2026-02-13,S-03,Fertilizacion,28.2,1637376.0,1771320.0
2026-04-14,S-03,Control biologico,22.1,1059164.0,977280.0
2026-06-13,S-03,Deshierba,45.5,818619.0,916200.0
2026-09-11,S-03,Induccion floral,21.7,823603.0,773680.0
2024-02-27,S-04,Cosecha,84.8,1696593.0,1418400.0
2024-08-26,S-04,Preparacion de suelo,49.1,1621772.0,1560240.0
2024-09-15,S-04,Siembra,126.8,5452466.0,4743760.0
2024-11-14,S-04,Fertilizacion,27.3,1585903.0,1371120.0
2025-01-13,S-04,Control biologico,14.9,713936.0,756480.0
2025-03-14,S-04,Deshierba,47.9,862194.0,709200.0
2025-08-11,S-04,Induccion floral,19.3,732944.0,598880.0
2026-01-08,S-04,Cosecha,78.8,1575526.0,1418400.0
2026-04-25,S-04,Preparacion de suelo,58.4,1926624.0,1560240.0
2026-05-15,S-04,Siembra,112.3,4829171.0,4743760.0
2026-07-14,S-04,Fertilizacion,21.3,1233718.0,1371120.0
2026-09-12,S-04,Control biologico,16.1,774817.0,756480.0
2024-04-03,S-05,Preparacion de suelo,59.0,1948335.0,2021580.0
2024-04-23,S-05,Siembra,132.6,5700738.0,6146420.0
2024-06-22,S-05,Fertilizacion,28.5,1654000.0,1776540.0
2024-08-21,S-05,Control biologico,23.2,1114862.0,980160.0
2024-10-20,S-05,Deshierba,63.1,1135096.0,918900.0
2025-03-19,S-05,Induccion floral,19.0,723590.0,775960.0
2025-08-16,S-05,Cosecha,94.6,1892495.0,1837800.0
2025-11-21,S-05,Preparacion de suelo,73.9,2437945.0,2021580.0
2025-12-11,S-05,Siembra,138.7,5964553.0,6146420.0
2026-02-09,S-05,Fertilizacion,34.7,2014880.0,1776540.0
2026-04-10,S-05,Control biologico,24.8,1191755.0,980160.0
2026-06-09,S-05,Deshierba,52.6,946299.0,918900.0
2026-09-07,S-05,Induccion floral,18.0,683110.0,775960.0
2024-01-23,S-06,Cosecha,63.5,1270272.0,1326600.0
2024-07-24,S-06,Preparacion de suelo,51.5,1700889.0,1459260.0
2024-08-13,S-06,Siembra,102.0,4385336.0,4436740.0
2024-10-12,S-06,Fertilizacion,20.7,1197930.0,1282380.0
2024-12-11,S-06,Control biologico,16.8,808206.0,707520.0
2025-02-09,S-06,Deshierba,42.4,763976.0,663300.0
2025-06-09,S-06,Induccion floral,13.1,497411.0,560120.0
2025-11-06,S-06,Cosecha,71.1,1421748.0,1326600.0
2026-03-25,S-06,Preparacion de suelo,47.5,1567668.0,1459260.0
2026-04-14,S-06,Siembra,110.5,4753629.0,4436740.0
2026-06-13,S-06,Fertilizacion,23.7,1375793.0,1282380.0
2026-08-12,S-06,Control biologico,16.0,768780.0,707520.0
2024-03-15,S-07,Induccion floral,19.6,746094.0,720480.0
2024-08-12,S-07,Cosecha,76.5,1530674.0,1706400.0
2024-12-12,S-07,Preparacion de suelo,53.6,1768837.0,1877040.0
2025-01-01,S-07,Siembra,133.5,5742428.0,5706960.0
2025-03-02,S-07,Fertilizacion,25.9,1503073.0,1649520.0
2025-05-01,S-07,Control biologico,18.6,891860.0,910080.0
2025-06-30,S-07,Deshierba,55.4,996696.0,853200.0
2025-10-28,S-07,Induccion floral,21.7,825768.0,720480.0
2026-03-27,S-07,Cosecha,101.1,2021937.0,1706400.0
2026-07-06,S-07,Preparacion de suelo,52.7,1738512.0,1877040.0
2026-07-26,S-07,Siembra,133.7,5748221.0,5706960.0
2026-09-24,S-07,Fertilizacion,25.4,1474931.0,1649520.0
2024-01-16,S-08,Induccion floral,14.1,535544.0,541880.0
2024-06-14,S-08,Cosecha,66.7,1333071.0,1283400.0
2024-11-07,S-08,Preparacion de suelo,38.3,1263939.0,1411740.0
2024-11-27,S-08,Siembra,123.4,5307021.0,4292260.0
2025-01-26,S-08,Fertilizacion,21.3,1237560.0,1240620.0
2025-03-27,S-08,Control biologico,14.0,672500.0,684480.0
2025-05-26,S-08,Deshierba,38.7,697249.0,641700.0
2025-10-23,S-08,Induccion floral,15.6,594043.0,541880.0
2026-03-22,S-08,Cosecha,80.2,1603072.0,1283400.0
2026-05-26,S-08,Preparacion de suelo,41.5,1371090.0,1411740.0
2026-06-15,S-08,Siembra,124.3,5346394.0,4292260.0
2026-08-14,S-08,Fertilizacion,23.0,1331133.0,1240620.0
2024-01-17,S-09,Cosecha,78.9,1577297.0,1672200.0
2024-05-04,S-09,Preparacion de suelo,59.7,1970557.0,1839420.0
2024-05-24,S-09,Siembra,154.5,6643661.0,5592580.0
2024-07-23,S-09,Fertilizacion,25.1,1457111.0,1616460.0
2024-09-21,S-09,Control biologico,23.0,1104439.0,891840.0
2024-11-20,S-09,Deshierba,48.9,880294.0,836100.0
2025-03-20,S-09,Induccion floral,16.7,635440.0,706040.0
2025-08-17,S-09,Cosecha,89.6,1792264.0,1672200.0
2026-01-01,S-09,Preparacion de suelo,68.9,2272958.0,1839420.0
2026-01-21,S-09,Siembra,150.9,6486643.0,5592580.0
2026-03-22,S-09,Fertilizacion,33.3,1928876.0,1616460.0
2026-05-21,S-09,Control biologico,19.9,956797.0,891840.0
2026-07-20,S-09,Deshierba,56.5,1017047.0,836100.0
2024-01-14,S-10,Control biologico,20.7,994428.0,934080.0
2024-03-14,S-10,Deshierba,45.5,819425.0,875700.0
2024-06-12,S-10,Induccion floral,20.9,795918.0,739480.0
2024-11-09,S-10,Cosecha,94.1,1882419.0,1751400.0
2025-04-06,S-10,Preparacion de suelo,50.3,1658626.0,1926540.0
2025-04-26,S-10,Siembra,128.8,5537343.0,5857460.0
2025-06-25,S-10,Fertilizacion,25.8,1495142.0,1693020.0
2025-08-24,S-10,Control biologico,17.7,850565.0,934080.0
2025-10-23,S-10,Deshierba,47.9,861907.0,875700.0
2026-03-22,S-10,Induccion floral,20.7,788254.0,739480.0
2026-08-19,S-10,Cosecha,105.3,2105303.0,1751400.0
2024-03-17,S-11,Preparacion de suelo,56.5,1865842.0,1686960.0
2024-04-06,S-11,Siembra,121.6,5230787.0,5129040.0
2024-06-05,S-11,Fertilizacion,29.2,1695830.0,1482480.0
2024-08-04,S-11,Control biologico,20.0,959419.0,817920.0
2024-10-03,S-11,Deshierba,50.7,912445.0,766800.0
2025-03-02,S-11,Induccion floral,19.1,725231.0,647520.0
2025-07-30,S-11,Cosecha,75.8,1516440.0,1533600.0
2025-10-23,S-11,Preparacion de suelo,53.4,1760838.0,1686960.0
2025-11-12,S-11,Siembra,139.1,5979377.0,5129040.0
2026-01-11,S-11,Fertilizacion,27.2,1574923.0,1482480.0
2026-03-12,S-11,Control biologico,19.0,910244.0,817920.0
2026-05-11,S-11,Deshierba,47.2,849815.0,766800.0
2026-08-09,S-11,Induccion floral,17.2,652697.0,647520.0
2024-03-31,S-12,Cosecha,85.5,1710310.0,1614600.0
2024-09-19,S-12,Preparacion de suelo,65.4,2158403.0,1776060.0
2024-10-09,S-12,Siembra,106.9,4596154.0,5399940.0
2024-12-08,S-12,Fertilizacion,33.5,1944827.0,1560780.0
2025-02-06,S-12,Control biologico,18.7,896125.0,861120.0
2025-04-07,S-12,Deshierba,53.5,963213.0,807300.0
2025-07-06,S-12,Induccion floral,19.9,756759.0,681720.0
2025-12-03,S-12,Cosecha,74.9,1497918.0,1614600.0
2026-05-20,S-12,Preparacion de suelo,64.8,2137980.0,1776060.0
2026-06-09,S-12,Siembra,135.2,5814457.0,5399940.0
2026-08-08,S-12,Fertilizacion,32.4,1882066.0,1560780.0
2024-01-31,S-13,Fertilizacion,36.7,2128697.0,1748700.0
2024-03-31,S-13,Control biologico,18.3,880787.0,964800.0
2024-05-30,S-13,Deshierba,54.7,985409.0,904500.0
2024-08-28,S-13,Induccion floral,20.3,770930.0,763800.0
2025-01-25,S-13,Cosecha,102.1,2041818.0,1809000.0
2025-07-09,S-13,Preparacion de suelo,73.1,2411252.0,1989900.0
2025-07-29,S-13,Siembra,139.1,5980725.0,6050100.0
2025-09-27,S-13,Fertilizacion,28.2,1636124.0,1748700.0
2025-11-26,S-13,Control biologico,18.7,896652.0,964800.0
2026-01-25,S-13,Deshierba,59.5,1070711.0,904500.0
2026-05-25,S-13,Induccion floral,18.3,694689.0,763800.0
2024-02-01,S-14,Induccion floral,21.9,830710.0,718960.0
2024-06-30,S-14,Cosecha,79.5,1589866.0,1702800.0
2024-12-02,S-14,Preparacion de suelo,54.7,1806600.0,1873080.0
2024-12-22,S-14,Siembra,128.8,5537753.0,5694920.0
2025-02-20,S-14,Fertilizacion,26.4,1533644.0,1646040.0
2025-04-21,S-14,Control biologico,18.9,908832.0,908160.0
2025-06-20,S-14,Deshierba,50.4,907570.0,851400.0
2025-11-17,S-14,Induccion floral,21.4,812979.0,718960.0
2026-04-16,S-14,Cosecha,76.2,1524731.0,1702800.0
2026-06-25,S-14,Preparacion de suelo,48.4,1597000.0,1873080.0
2026-07-15,S-14,Siembra,126.1,5421825.0,5694920.0
2026-09-13,S-14,Fertilizacion,29.7,1720989.0,1646040.0
2024-01-02,S-15,Preparacion de suelo,40.5,1337635.0,1189980.0
2024-01-22,S-15,Siembra,85.6,3682639.0,3618020.0
2024-03-22,S-15,Fertilizacion,17.8,1029918.0,1045740.0
2024-05-21,S-15,Control biologico,12.8,613560.0,576960.0
2024-07-20,S-15,Deshierba,31.9,573814.0,540900.0
2024-11-17,S-15,Induccion floral,10.7,407462.0,456760.0
2025-04-16,S-15,Cosecha,50.8,1015084.0,1081800.0
2025-08-06,S-15,Preparacion de suelo,38.5,1270651.0,1189980.0
2025-08-26,S-15,Siembra,100.4,4317452.0,3618020.0
2025-10-25,S-15,Fertilizacion,20.9,1214397.0,1045740.0
2025-12-24,S-15,Control biologico,14.8,710776.0,576960.0
2026-02-22,S-15,Deshierba,32.1,578283.0,540900.0
2026-06-22,S-15,Induccion floral,13.9,529470.0,456760.0
2024-01-29,S-16,Induccion floral,23.6,894991.0,817760.0
2024-06-27,S-16,Cosecha,108.4,2167575.0,1936800.0
2024-08-28,S-16,Preparacion de suelo,65.8,2171876.0,2130480.0
2024-09-17,S-16,Siembra,147.1,6323983.0,6477520.0
2024-11-16,S-16,Fertilizacion,37.7,2188004.0,1872240.0
2025-01-15,S-16,Control biologico,23.9,1148801.0,1032960.0
2025-03-16,S-16,Deshierba,64.6,1162820.0,968400.0
2025-07-14,S-16,Induccion floral,18.6,705221.0,817760.0
2025-12-11,S-16,Cosecha,96.8,1936163.0,1936800.0
2026-04-13,S-16,Preparacion de suelo,73.0,2409156.0,2130480.0
2026-05-03,S-16,Siembra,136.0,5847514.0,6477520.0
2026-07-02,S-16,Fertilizacion,34.0,1972615.0,1872240.0
2026-08-31,S-16,Control biologico,26.6,1274972.0,1032960.0
2024-02-11,S-17,Fertilizacion,22.9,1328922.0,1385040.0
2024-04-11,S-17,Control biologico,15.6,750786.0,764160.0
2024-06-10,S-17,Deshierba,40.5,729319.0,716400.0
2024-09-08,S-17,Induccion floral,16.6,632177.0,604960.0
2025-02-05,S-17,Cosecha,71.5,1429900.0,1432800.0
2025-08-18,S-17,Preparacion de suelo,56.7,1870029.0,1576080.0
2025-09-07,S-17,Siembra,107.5,4620922.0,4791920.0
2025-11-06,S-17,Fertilizacion,28.7,1664332.0,1385040.0
2026-01-05,S-17,Control biologico,14.4,690427.0,764160.0
2026-03-06,S-17,Deshierba,40.7,732388.0,716400.0
2026-07-04,S-17,Induccion floral,19.4,737934.0,604960.0
2024-04-02,S-18,Induccion floral,17.5,665391.0,684000.0
2024-08-30,S-18,Cosecha,100.0,1999948.0,1620000.0
2024-12-01,S-18,Preparacion de suelo,61.7,2035735.0,1782000.0
2024-12-21,S-18,Siembra,112.0,4814198.0,5418000.0
2025-02-19,S-18,Fertilizacion,30.8,1785361.0,1566000.0
2025-04-20,S-18,Control biologico,18.9,906878.0,864000.0
2025-06-19,S-18,Deshierba,49.8,896279.0,810000.0
2025-11-16,S-18,Induccion floral,17.4,660961.0,684000.0
2026-04-15,S-18,Cosecha,74.2,1483935.0,1620000.0
2026-07-02,S-18,Preparacion de suelo,64.5,2128442.0,1782000.0
2026-07-22,S-18,Siembra,115.8,4981340.0,5418000.0
2026-09-20,S-18,Fertilizacion,29.6,1719217.0,1566000.0
