ciclo_id,cod_bloque,fecha_siembra,inicio_cosecha,completo
N-01-c1,N-01,2023-11-30,2025-01-23,0
N-01-c2,N-01,2025-06-19,2026-08-13,1
N-02-c1,N-02,2022-10-08,2024-01-01,0
N-02-c2,N-02,2024-07-08,2025-10-01,1
N-02-c3,N-02,2026-01-23,2027-03-19,0
N-03-c1,N-03,2022-08-08,2023-12-01,0
N-03-c2,N-03,2024-04-17,2025-08-10,1
N-03-c3,N-03,2025-11-23,2027-02-16,0
N-04-c1,N-04,2023-02-04,2024-04-29,0
N-04-c2,N-04,2024-09-19,2025-11-13,1
N-04-c3,N-04,2026-06-02,2027-08-26,0
N-05-c1,N-05,2023-08-30,2024-12-22,0
N-05-c2,N-05,2025-05-22,2026-09-14,0
N-06-c1,N-06,2024-01-02,2025-02-25,0
N-06-c2,N-06,2025-07-27,2026-09-20,0
N-07-c1,N-07,2022-08-20,2023-10-14,0
N-07-c2,N-07,2024-03-03,2025-04-27,1
N-07-c3,N-07,2025-10-07,2027-01-30,0
N-08-c1,N-08,2022-12-21,2024-02-14,0
N-08-c2,N-08,2024-08-25,2025-10-19,1
N-08-c3,N-08,2026-04-15,2027-06-09,0
N-09-c1,N-09,2022-12-12,2024-03-06,0
N-09-c2,N-09,2024-06-25,2025-10-18,1
N-09-c3,N-09,2026-02-23,2027-06-18,0
N-10-c1,N-10,2023-07-19,2024-10-11,0
N-10-c2,N-10,2025-03-18,2026-06-11,1
N-11-c1,N-11,2023-07-24,2024-10-16,0
N-11-c2,N-11,2025-04-15,2026-06-09,1
N-12-c1,N-12,2023-11-14,2025-01-07,0
N-12-c2,N-12,2025-06-11,2026-08-05,1
N-13-c1,N-13,2022-09-25,2023-11-19,0
N-13-c2,N-13,2024-06-09,2025-09-02,1
N-13-c3,N-13,2026-02-10,2027-04-06,0
N-14-c1,N-14,2022-12-09,2024-02-02,0
N-14-c2,N-14,2024-08-03,2025-11-26,1
N-14-c3,N-14,2026-04-28,2027-08-21,0
N-15-c1,N-15,2022-08-15,2023-12-08,0
N-15-c2,N-15,2024-04-13,2025-08-06,1
N-15-c3,N-15,2025-12-29,2027-03-24,0
N-16-c1,N-16,2023-03-14,2024-07-06,0
N-16-c2,N-16,2024-11-12,2026-01-06,1
N-16-c3,N-16,2026-06-27,2027-08-21,0
N-17-c1,N-17,2023-04-04,2024-06-27,0
N-17-c2,N-17,2024-10-20,2025-12-14,1
N-17-c3,N-17,2026-06-20,2027-09-13,0
N-18-c1,N-18,2023-03-24,2024-06-16,0
N-18-c2,N-18,2024-11-23,2026-03-18,1
N-18-c3,N-18,2026-07-01,2027-08-25,0
N-19-c1,N-19,2023-04-12,2024-07-05,0
N-19-c2,N-19,2024-11-19,2026-02-12,1
N-19-c3,N-19,2026-07-25,2027-11-17,0
N-20-c1,N-20,2023-06-23,2024-09-15,0
N-20-c2,N-20,2025-01-25,2026-04-20,1
N-20-c3,N-20,2026-08-10,2027-11-03,0
N-21-c1,N-21,2024-02-08,2025-06-02,1
N-21-c2,N-21,2025-10-04,2026-12-28,0
N-22-c1,N-22,2022-10-27,2024-02-19,0
N-22-c2,N-22,2024-06-19,2025-10-12,1
N-22-c3,N-22,2026-02-21,2027-06-16,0
N-23-c1,N-23,2023-05-13,2024-09-04,0
N-23-c2,N-23,2024-12-21,2026-04-15,1
N-23-c3,N-23,2026-07-29,2027-11-21,0
N-24-c1,N-24,2023-07-01,2024-08-24,0
N-24-c2,N-24,2025-01-20,2026-04-15,1
N-24-c3,N-24,2026-09-25,2027-11-19,0
S-01-c1,S-01,2023-10-25,2024-12-18,0
S-01-c2,S-01,2025-06-13,2026-09-06,0
S-02-c1,S-02,2023-06-04,2024-07-28,0
S-02-c2,S-02,2025-03-01,2026-06-24,1
S-03-c1,S-03,2022-06-22,2023-09-15,0
S-03-c2,S-03,2024-03-02,2025-05-26,1
S-03-c3,S-03,2025-11-23,2027-01-17,0
S-04-c1,S-04,2023-01-03,2024-03-28,0
S-04-c2,S-04,2024-09-06,2025-12-30,1
S-04-c3,S-04,2026-05-16,2027-09-08,0
S-05-c1,S-05,2022-08-07,2023-11-30,0
S-05-c2,S-05,2024-03-16,2025-07-09,1
S-05-c3,S-05,2025-11-21,2027-02-14,0
S-06-c1,S-06,2022-11-29,2024-02-22,0
S-06-c2,S-06,2024-07-13,2025-09-06,1
S-06-c3,S-06,2026-02-01,2027-03-28,0
S-07-c1,S-07,2023-05-20,2024-08-12,0
S-07-c2,S-07,2025-02-15,2026-04-11,1
S-07-c3,S-07,2026-09-15,2027-11-09,0
S-08-c1,S-08,2023-04-21,2024-07-14,0
S-08-c2,S-08,2024-11-30,2026-02-23,1
S-08-c3,S-08,2026-06-21,2027-10-14,0
S-09-c1,S-09,2022-09-24,2023-11-18,0
S-09-c2,S-09,2024-06-18,2025-09-11,1
S-09-c3,S-09,2026-01-24,2027-03-20,0
S-10-c1,S-10,2023-09-16,2024-11-09,0
S-10-c2,S-10,2025-04-17,2026-08-10,1
S-11-c1,S-11,2022-07-11,2023-09-04,0
S-11-c2,S-11,2024-02-01,2025-03-27,1
S-11-c3,S-11,2025-10-16,2026-12-10,0
S-12-c1,S-12,2023-02-05,2024-03-31,0
S-12-c2,S-12,2024-09-01,2025-11-25,1
S-12-c3,S-12,2026-05-14,2027-09-06,0
S-13-c1,S-13,2023-12-02,2025-01-25,0
S-13-c2,S-13,2025-07-19,2026-09-12,0
S-14-c1,S-14,2023-04-07,2024-06-30,0
S-14-c2,S-14,2024-12-19,2026-02-12,1
S-14-c3,S-14,2026-07-31,2027-09-24,0
S-15-c1,S-15,2024-01-22,2025-04-16,1
S-15-c2,S-15,2025-10-20,2027-01-13,0
S-16-c1,S-16,2023-03-05,2024-05-28,0
S-16-c2,S-16,2024-09-24,2026-01-17,1
S-16-c3,S-16,2026-05-14,2027-08-07,0
S-17-c1,S-17,2023-12-13,2025-02-05,0
S-17-c2,S-17,2025-07-21,2026-10-14,0
S-18-c1,S-18,2023-05-08,2024-08-30,0
S-18-c2,S-18,2025-02-02,2026-03-29,1
