cod_bloque,finca,ha,fecha_siembra,variedad
N-01,Finca Norte,9.84,2023-11-30,MD-2
N-02,Finca Norte,8.8,2022-10-08,MD-2
N-03,Finca Norte,8.13,2022-08-08,MD-2
N-04,Finca Norte,10.74,2023-02-04,MD-2
N-05,Finca Norte,7.06,2023-08-30,MD-2
N-06,Finca Norte,9.92,2024-01-02,MD-2
N-07,Finca Norte,11.8,2022-08-20,MD-2
N-08,Finca Norte,11.52,2022-12-21,MD-2
N-09,Finca Norte,10.52,2022-12-12,MD-2
N-10,Finca Norte,9.09,2023-07-19,MD-2
N-11,Finca Norte,8.69,2023-07-24,MD-2
N-12,Finca Norte,8.03,2023-11-14,MD-2
N-13,Finca Norte,7.36,2022-09-25,MD-2
N-14,Finca Norte,9.15,2022-12-09,MD-2
N-15,Finca Norte,9.98,2022-08-15,MD-2
N-16,Finca Norte,6.08,2023-03-14,MD-2
N-17,Finca Norte,8.19,2023-04-04,MD-2
N-18,Finca Norte,7.17,2023-03-24,MD-2
N-19,Finca Norte,8.61,2023-04-12,MD-2
N-20,Finca Norte,7.8,2023-06-23,MD-2
N-21,Finca Norte,11.25,2024-02-08,MD-2
N-22,Finca Norte,10.78,2022-10-27,MD-2
N-23,Finca Norte,8.07,2023-05-13,MD-2
N-24,Finca Norte,11.68,2023-07-01,MD-2
S-01,Finca Sur,8.6,2023-10-25,MD-2
S-02,Finca Sur,11.4,2023-06-04,MD-2
S-03,Finca Sur,10.18,2022-06-22,MD-2
S-04,Finca Sur,7.88,2023-01-03,MD-2
S-05,Finca Sur,10.21,2022-08-07,MD-2
S-06,Finca Sur,7.37,2022-11-29,MD-2
S-07,Finca Sur,9.48,2023-05-20,MD-2
S-08,Finca Sur,7.13,2023-04-21,MD-2
S-09,Finca Sur,9.29,2022-09-24,MD-2
S-10,Finca Sur,9.73,2023-09-16,MD-2
S-11,Finca Sur,8.52,2022-07-11,MD-2
S-12,Finca Sur,8.97,2023-02-05,MD-2
S-13,Finca Sur,10.05,2023-12-02,MD-2
S-14,Finca Sur,9.46,2023-04-07,MD-2
S-15,Finca Sur,6.01,2024-01-22,MD-2
S-16,Finca Sur,10.76,2023-03-05,MD-2
S-17,Finca Sur,7.96,2023-12-13,MD-2
S-18,Finca Sur,9.0,2023-05-08,MD-2
