fecha,cod_bloque,calibre,cajas_exportables,cajas_rechazo
2025-02-22,N-01,5.0,67,0
2025-02-22,N-01,6.0,211,0
2025-02-22,N-01,7.0,289,0
2025-02-22,N-01,8.0,266,0
2025-02-22,N-01,9.0,144,0
2025-02-22,N-01,10.0,56,0
2025-02-22,N-01,,0,99
2025-03-01,N-01,5.0,194,0
2025-03-01,N-01,6.0,562,0
2025-03-01,N-01,7.0,881,0
2025-03-01,N-01,8.0,831,0
2025-03-01,N-01,9.0,406,0
2025-03-01,N-01,10.0,172,0
2025-03-01,N-01,,0,293
2025-03-08,N-01,5.0,392,0
2025-03-08,N-01,6.0,1121,0
2025-03-08,N-01,7.0,1960,0
2025-03-08,N-01,8.0,1654,0
2025-03-08,N-01,9.0,904,0
2025-03-08,N-01,10.0,397,0
2025-03-08,N-01,,0,618
2025-03-15,N-01,5.0,183,0
2025-03-15,N-01,6.0,564,0
2025-03-15,N-01,7.0,932,0
2025-03-15,N-01,8.0,847,0
2025-03-15,N-01,9.0,415,0
2025-03-15,N-01,10.0,200,0
2025-03-15,N-01,,0,302
2025-03-22,N-01,5.0,619,0
2025-03-22,N-01,6.0,1906,0
2025-03-22,N-01,7.0,3181,0
2025-03-22,N-01,8.0,2693,0
2025-03-22,N-01,9.0,1506,0
2025-03-22,N-01,10.0,641,0
2025-03-22,N-01,,0,1015
2025-03-29,N-01,5.0,112,0
2025-03-29,N-01,6.0,317,0
2025-03-29,N-01,7.0,615,0
2025-03-29,N-01,8.0,523,0
2025-03-29,N-01,9.0,257,0
2025-03-29,N-01,10.0,93,0
2025-03-29,N-01,,0,184
2026-09-29,N-01,5.0,1119,0
2026-09-29,N-01,6.0,3486,0
2026-09-29,N-01,7.0,5923,0
2026-09-29,N-01,8.0,5109,0
2026-09-29,N-01,9.0,2762,0
2026-09-29,N-01,10.0,1234,0
2026-09-29,N-01,,0,3612
2024-01-06,N-02,5.0,1069,0
2024-01-06,N-02,6.0,3067,0
2024-01-06,N-02,7.0,5036,0
2024-01-06,N-02,8.0,4581,0
2024-01-06,N-02,9.0,2384,0
2024-01-06,N-02,10.0,1063,0
2024-01-06,N-02,,0,3009
2025-07-27,N-02,5.0,69,0
2025-07-27,N-02,6.0,190,0
2025-07-27,N-02,7.0,316,0
2025-07-27,N-02,8.0,253,0
2025-07-27,N-02,9.0,134,0
2025-07-27,N-02,10.0,50,0
2025-07-27,N-02,,0,168
2025-08-03,N-02,5.0,306,0
2025-08-03,N-02,6.0,929,0
2025-08-03,N-02,7.0,1476,0
2025-08-03,N-02,8.0,1284,0
2025-08-03,N-02,9.0,672,0
2025-08-03,N-02,10.0,315,0
2025-08-03,N-02,,0,828
2025-08-10,N-02,5.0,219,0
2025-08-10,N-02,6.0,654,0
2025-08-10,N-02,7.0,1096,0
2025-08-10,N-02,8.0,888,0
2025-08-10,N-02,9.0,538,0
2025-08-10,N-02,10.0,201,0
2025-08-10,N-02,,0,598
2025-08-17,N-02,5.0,813,0
2025-08-17,N-02,6.0,2455,0
2025-08-17,N-02,7.0,4169,0
2025-08-17,N-02,8.0,3588,0
2025-08-17,N-02,9.0,1900,0
2025-08-17,N-02,10.0,754,0
2025-08-17,N-02,,0,2275
2025-08-24,N-02,5.0,116,0
2025-08-24,N-02,6.0,349,0
2025-08-24,N-02,7.0,610,0
2025-08-24,N-02,8.0,539,0
2025-08-24,N-02,9.0,296,0
2025-08-24,N-02,10.0,107,0
2025-08-24,N-02,,0,335
2025-08-31,N-02,5.0,371,0
2025-08-31,N-02,6.0,1198,0
2025-08-31,N-02,7.0,1951,0
2025-08-31,N-02,8.0,1706,0
2025-08-31,N-02,9.0,908,0
2025-08-31,N-02,10.0,376,0
2025-08-31,N-02,,0,1083
2025-08-01,N-03,5.0,272,0
2025-08-01,N-03,6.0,797,0
2025-08-01,N-03,7.0,1369,0
2025-08-01,N-03,8.0,1186,0
2025-08-01,N-03,9.0,630,0
2025-08-01,N-03,10.0,266,0
2025-08-01,N-03,,0,694
2025-08-08,N-03,5.0,575,0
2025-08-08,N-03,6.0,1587,0
2025-08-08,N-03,7.0,2797,0
2025-08-08,N-03,8.0,2340,0
2025-08-08,N-03,9.0,1227,0
2025-08-08,N-03,10.0,526,0
2025-08-08,N-03,,0,1391
2025-08-15,N-03,5.0,675,0
2025-08-15,N-03,6.0,1949,0
2025-08-15,N-03,7.0,3357,0
2025-08-15,N-03,8.0,2823,0
2025-08-15,N-03,9.0,1506,0
2025-08-15,N-03,10.0,688,0
2025-08-15,N-03,,0,1690
2025-08-22,N-03,5.0,781,0
2025-08-22,N-03,6.0,2297,0
2025-08-22,N-03,7.0,3829,0
2025-08-22,N-03,8.0,3278,0
2025-08-22,N-03,9.0,1859,0
2025-08-22,N-03,10.0,774,0
2025-08-22,N-03,,0,1970
2025-08-29,N-03,5.0,386,0
2025-08-29,N-03,6.0,1292,0
2025-08-29,N-03,7.0,2179,0
2025-08-29,N-03,8.0,1878,0
2025-08-29,N-03,9.0,1013,0
2025-08-29,N-03,10.0,369,0
2025-08-29,N-03,,0,1094
2025-09-05,N-03,5.0,139,0
2025-09-05,N-03,6.0,439,0
2025-09-05,N-03,7.0,670,0
2025-09-05,N-03,8.0,580,0
2025-09-05,N-03,9.0,305,0
2025-09-05,N-03,10.0,134,0
2025-09-05,N-03,,0,348
2024-04-29,N-04,5.0,382,0
2024-04-29,N-04,6.0,1028,0
2024-04-29,N-04,7.0,1721,0
2024-04-29,N-04,8.0,1533,0
2024-04-29,N-04,9.0,828,0
2024-04-29,N-04,10.0,327,0
2024-04-29,N-04,,0,641
2024-05-06,N-04,5.0,57,0
2024-05-06,N-04,6.0,144,0
2024-05-06,N-04,7.0,216,0
2024-05-06,N-04,8.0,178,0
2024-05-06,N-04,9.0,111,0
2024-05-06,N-04,10.0,42,0
2024-05-06,N-04,,0,82
2024-05-13,N-04,5.0,20,0
2024-05-13,N-04,6.0,94,0
2024-05-13,N-04,7.0,153,0
2024-05-13,N-04,8.0,143,0
2024-05-13,N-04,9.0,77,0
2024-05-13,N-04,10.0,30,0
2024-05-13,N-04,,0,56
2024-05-20,N-04,5.0,503,0
2024-05-20,N-04,6.0,1574,0
2024-05-20,N-04,7.0,2742,0
2024-05-20,N-04,8.0,2311,0
2024-05-20,N-04,9.0,1308,0
2024-05-20,N-04,10.0,536,0
2024-05-20,N-04,,0,988
2024-05-27,N-04,5.0,31,0
2024-05-27,N-04,6.0,83,0
2024-05-27,N-04,7.0,154,0
2024-05-27,N-04,8.0,135,0
2024-05-27,N-04,9.0,69,0
2024-05-27,N-04,10.0,23,0
2024-05-27,N-04,,0,54
2024-06-03,N-04,5.0,160,0
2024-06-03,N-04,6.0,466,0
2024-06-03,N-04,7.0,776,0
2024-06-03,N-04,8.0,675,0
2024-06-03,N-04,9.0,366,0
2024-06-03,N-04,10.0,174,0
2024-06-03,N-04,,0,288
2025-11-30,N-04,5.0,106,0
2025-11-30,N-04,6.0,307,0
2025-11-30,N-04,7.0,516,0
2025-11-30,N-04,8.0,435,0
2025-11-30,N-04,9.0,230,0
2025-11-30,N-04,10.0,98,0
2025-11-30,N-04,,0,144
2025-12-07,N-04,5.0,313,0
2025-12-07,N-04,6.0,910,0
2025-12-07,N-04,7.0,1585,0
2025-12-07,N-04,8.0,1297,0
2025-12-07,N-04,9.0,678,0
2025-12-07,N-04,10.0,306,0
2025-12-07,N-04,,0,433
2025-12-14,N-04,5.0,163,0
2025-12-14,N-04,6.0,530,0
2025-12-14,N-04,7.0,954,0
2025-12-14,N-04,8.0,833,0
2025-12-14,N-04,9.0,433,0
2025-12-14,N-04,10.0,173,0
2025-12-14,N-04,,0,263
2025-12-21,N-04,5.0,133,0
2025-12-21,N-04,6.0,422,0
2025-12-21,N-04,7.0,701,0
2025-12-21,N-04,8.0,653,0
2025-12-21,N-04,9.0,317,0
2025-12-21,N-04,10.0,129,0
2025-12-21,N-04,,0,200
2025-12-28,N-04,5.0,337,0
2025-12-28,N-04,6.0,1008,0
2025-12-28,N-04,7.0,1595,0
2025-12-28,N-04,8.0,1464,0
2025-12-28,N-04,9.0,751,0
2025-12-28,N-04,10.0,289,0
2025-12-28,N-04,,0,464
2026-01-04,N-04,5.0,260,0
2026-01-04,N-04,6.0,696,0
2026-01-04,N-04,7.0,1213,0
2026-01-04,N-04,8.0,1009,0
2026-01-04,N-04,9.0,554,0
2026-01-04,N-04,10.0,230,0
2026-01-04,N-04,,0,337
2024-11-22,N-05,5.0,200,0
2024-11-22,N-05,6.0,596,0
2024-11-22,N-05,7.0,951,0
2024-11-22,N-05,8.0,880,0
2024-11-22,N-05,9.0,450,0
2024-11-22,N-05,10.0,178,0
2024-11-22,N-05,,0,871
2024-11-29,N-05,5.0,161,0
2024-11-29,N-05,6.0,480,0
2024-11-29,N-05,7.0,739,0
2024-11-29,N-05,8.0,693,0
2024-11-29,N-05,9.0,382,0
2024-11-29,N-05,10.0,154,0
2024-11-29,N-05,,0,698
2024-12-06,N-05,5.0,141,0
2024-12-06,N-05,6.0,379,0
2024-12-06,N-05,7.0,601,0
2024-12-06,N-05,8.0,536,0
2024-12-06,N-05,9.0,294,0
2024-12-06,N-05,10.0,117,0
2024-12-06,N-05,,0,553
2024-12-13,N-05,5.0,11,0
2024-12-13,N-05,6.0,21,0
2024-12-13,N-05,7.0,55,0
2024-12-13,N-05,8.0,52,0
2024-12-13,N-05,9.0,25,0
2024-12-13,N-05,10.0,10,0
2024-12-13,N-05,,0,46
2024-12-20,N-05,5.0,125,0
2024-12-20,N-05,6.0,374,0
2024-12-20,N-05,7.0,600,0
2024-12-20,N-05,8.0,564,0
2024-12-20,N-05,9.0,277,0
2024-12-20,N-05,10.0,116,0
2024-12-20,N-05,,0,550
2024-12-27,N-05,5.0,93,0
2024-12-27,N-05,6.0,294,0
2024-12-27,N-05,7.0,467,0
2024-12-27,N-05,8.0,486,0
2024-12-27,N-05,9.0,253,0
2024-12-27,N-05,10.0,107,0
2024-12-27,N-05,,0,455
2026-09-01,N-05,5.0,109,0
2026-09-01,N-05,6.0,318,0
2026-09-01,N-05,7.0,566,0
2026-09-01,N-05,8.0,440,0
2026-09-01,N-05,9.0,257,0
2026-09-01,N-05,10.0,106,0
2026-09-01,N-05,,0,282
2026-09-08,N-05,5.0,44,0
2026-09-08,N-05,6.0,107,0
2026-09-08,N-05,7.0,188,0
2026-09-08,N-05,8.0,148,0
2026-09-08,N-05,9.0,92,0
2026-09-08,N-05,10.0,36,0
2026-09-08,N-05,,0,96
2026-09-15,N-05,5.0,202,0
2026-09-15,N-05,6.0,602,0
2026-09-15,N-05,7.0,961,0
2026-09-15,N-05,8.0,762,0
2026-09-15,N-05,9.0,415,0
2026-09-15,N-05,10.0,214,0
2026-09-15,N-05,,0,496
2026-09-22,N-05,5.0,35,0
2026-09-22,N-05,6.0,105,0
2026-09-22,N-05,7.0,154,0
2026-09-22,N-05,8.0,133,0
2026-09-22,N-05,9.0,77,0
2026-09-22,N-05,10.0,25,0
2026-09-22,N-05,,0,83
2026-09-29,N-05,5.0,86,0
2026-09-29,N-05,6.0,269,0
2026-09-29,N-05,7.0,487,0
2026-09-29,N-05,8.0,409,0
2026-09-29,N-05,9.0,208,0
2026-09-29,N-05,10.0,81,0
2026-09-29,N-05,,0,242
2025-03-27,N-06,5.0,1526,0
2025-03-27,N-06,6.0,4629,0
2025-03-27,N-06,7.0,7671,0
2025-03-27,N-06,8.0,6636,0
2025-03-27,N-06,9.0,3584,0
2025-03-27,N-06,10.0,1516,0
2025-03-27,N-06,,0,2797
2025-04-03,N-06,5.0,244,0
2025-04-03,N-06,6.0,829,0
2025-04-03,N-06,7.0,1419,0
2025-04-03,N-06,8.0,1159,0
2025-04-03,N-06,9.0,649,0
2025-04-03,N-06,10.0,277,0
2025-04-03,N-06,,0,500
2025-04-10,N-06,5.0,115,0
2025-04-10,N-06,6.0,295,0
2025-04-10,N-06,7.0,499,0
2025-04-10,N-06,8.0,470,0
2025-04-10,N-06,9.0,243,0
2025-04-10,N-06,10.0,107,0
2025-04-10,N-06,,0,189
2025-04-17,N-06,5.0,33,0
2025-04-17,N-06,6.0,162,0
2025-04-17,N-06,7.0,231,0
2025-04-17,N-06,8.0,219,0
2025-04-17,N-06,9.0,124,0
2025-04-17,N-06,10.0,61,0
2025-04-17,N-06,,0,90
2025-04-24,N-06,5.0,44,0
2025-04-24,N-06,6.0,143,0
2025-04-24,N-06,7.0,214,0
2025-04-24,N-06,8.0,209,0
2025-04-24,N-06,9.0,124,0
2025-04-24,N-06,10.0,55,0
2025-04-24,N-06,,0,86
2025-05-01,N-06,5.0,636,0
2025-05-01,N-06,6.0,2063,0
2025-05-01,N-06,7.0,3334,0
2025-05-01,N-06,8.0,2857,0
2025-05-01,N-06,9.0,1614,0
2025-05-01,N-06,10.0,694,0
2025-05-01,N-06,,0,1225
2025-07-10,N-07,5.0,446,0
2025-07-10,N-07,6.0,1246,0
2025-07-10,N-07,7.0,2077,0
2025-07-10,N-07,8.0,1767,0
2025-07-10,N-07,9.0,923,0
2025-07-10,N-07,10.0,442,0
2025-07-10,N-07,,0,1941
2025-07-17,N-07,5.0,847,0
2025-07-17,N-07,6.0,2648,0
2025-07-17,N-07,7.0,4281,0
2025-07-17,N-07,8.0,3598,0
2025-07-17,N-07,9.0,1936,0
2025-07-17,N-07,10.0,873,0
2025-07-17,N-07,,0,3989
2025-07-24,N-07,5.0,1884,0
2025-07-24,N-07,6.0,5648,0
2025-07-24,N-07,7.0,9323,0
2025-07-24,N-07,8.0,8107,0
2025-07-24,N-07,9.0,4448,0
2025-07-24,N-07,10.0,1897,0
2025-07-24,N-07,,0,8805
2025-07-31,N-07,5.0,257,0
2025-07-31,N-07,6.0,813,0
2025-07-31,N-07,7.0,1289,0
2025-07-31,N-07,8.0,1125,0
2025-07-31,N-07,9.0,629,0
2025-07-31,N-07,10.0,268,0
2025-07-31,N-07,,0,1232
2025-08-07,N-07,5.0,626,0
2025-08-07,N-07,6.0,1885,0
2025-08-07,N-07,7.0,3208,0
2025-08-07,N-07,8.0,2762,0
2025-08-07,N-07,9.0,1487,0
2025-08-07,N-07,10.0,643,0
2025-08-07,N-07,,0,2984
2025-08-14,N-07,5.0,592,0
2025-08-14,N-07,6.0,1744,0
2025-08-14,N-07,7.0,2858,0
2025-08-14,N-07,8.0,2501,0
2025-08-14,N-07,9.0,1420,0
2025-08-14,N-07,10.0,565,0
2025-08-14,N-07,,0,2722
2024-03-15,N-08,5.0,222,0
2024-03-15,N-08,6.0,767,0
2024-03-15,N-08,7.0,1327,0
2024-03-15,N-08,8.0,1094,0
2024-03-15,N-08,9.0,615,0
2024-03-15,N-08,10.0,258,0
2024-03-15,N-08,,0,480
2024-03-22,N-08,5.0,163,0
2024-03-22,N-08,6.0,511,0
2024-03-22,N-08,7.0,776,0
2024-03-22,N-08,8.0,722,0
2024-03-22,N-08,9.0,383,0
2024-03-22,N-08,10.0,177,0
2024-03-22,N-08,,0,306
2024-03-29,N-08,5.0,14,0
2024-03-29,N-08,6.0,46,0
2024-03-29,N-08,7.0,74,0
2024-03-29,N-08,8.0,48,0
2024-03-29,N-08,9.0,31,0
2024-03-29,N-08,10.0,24,0
2024-03-29,N-08,,0,26
2024-04-05,N-08,5.0,1440,0
2024-04-05,N-08,6.0,4168,0
2024-04-05,N-08,7.0,7096,0
2024-04-05,N-08,8.0,6090,0
2024-04-05,N-08,9.0,3225,0
2024-04-05,N-08,10.0,1399,0
2024-04-05,N-08,,0,2624
2024-04-12,N-08,5.0,255,0
2024-04-12,N-08,6.0,737,0
2024-04-12,N-08,7.0,1172,0
2024-04-12,N-08,8.0,1027,0
2024-04-12,N-08,9.0,564,0
2024-04-12,N-08,10.0,251,0
2024-04-12,N-08,,0,449
2024-04-19,N-08,5.0,1035,0
2024-04-19,N-08,6.0,3183,0
2024-04-19,N-08,7.0,5241,0
2024-04-19,N-08,8.0,4499,0
2024-04-19,N-08,9.0,2331,0
2024-04-19,N-08,10.0,1046,0
2024-04-19,N-08,,0,1942
2025-09-11,N-08,5.0,1124,0
2025-09-11,N-08,6.0,3266,0
2025-09-11,N-08,7.0,5422,0
2025-09-11,N-08,8.0,4785,0
2025-09-11,N-08,9.0,2599,0
2025-09-11,N-08,10.0,1152,0
2025-09-11,N-08,,0,2513
2025-09-18,N-08,5.0,113,0
2025-09-18,N-08,6.0,334,0
2025-09-18,N-08,7.0,545,0
2025-09-18,N-08,8.0,474,0
2025-09-18,N-08,9.0,279,0
2025-09-18,N-08,10.0,111,0
2025-09-18,N-08,,0,254
2025-09-25,N-08,5.0,243,0
2025-09-25,N-08,6.0,784,0
2025-09-25,N-08,7.0,1314,0
2025-09-25,N-08,8.0,1075,0
2025-09-25,N-08,9.0,593,0
2025-09-25,N-08,10.0,265,0
2025-09-25,N-08,,0,585
2025-10-02,N-08,5.0,946,0
2025-10-02,N-08,6.0,2913,0
2025-10-02,N-08,7.0,4985,0
2025-10-02,N-08,8.0,4243,0
2025-10-02,N-08,9.0,2308,0
2025-10-02,N-08,10.0,1010,0
2025-10-02,N-08,,0,2247
2025-10-09,N-08,5.0,312,0
2025-10-09,N-08,6.0,869,0
2025-10-09,N-08,7.0,1494,0
2025-10-09,N-08,8.0,1325,0
2025-10-09,N-08,9.0,687,0
2025-10-09,N-08,10.0,260,0
2025-10-09,N-08,,0,677
2025-10-16,N-08,5.0,302,0
2025-10-16,N-08,6.0,885,0
2025-10-16,N-08,7.0,1529,0
2025-10-16,N-08,8.0,1331,0
2025-10-16,N-08,9.0,700,0
2025-10-16,N-08,10.0,314,0
2025-10-16,N-08,,0,693
2024-02-05,N-09,5.0,620,0
2024-02-05,N-09,6.0,1963,0
2024-02-05,N-09,7.0,3310,0
2024-02-05,N-09,8.0,2767,0
2024-02-05,N-09,9.0,1472,0
2024-02-05,N-09,10.0,635,0
2024-02-05,N-09,,0,1950
2024-02-12,N-09,5.0,633,0
2024-02-12,N-09,6.0,1812,0
2024-02-12,N-09,7.0,3118,0
2024-02-12,N-09,8.0,2688,0
2024-02-12,N-09,9.0,1442,0
2024-02-12,N-09,10.0,586,0
2024-02-12,N-09,,0,1861
2024-02-19,N-09,5.0,647,0
2024-02-19,N-09,6.0,1989,0
2024-02-19,N-09,7.0,3302,0
2024-02-19,N-09,8.0,2914,0
2024-02-19,N-09,9.0,1548,0
2024-02-19,N-09,10.0,698,0
2024-02-19,N-09,,0,2010
2024-02-26,N-09,5.0,828,0
2024-02-26,N-09,6.0,2376,0
2024-02-26,N-09,7.0,3955,0
2024-02-26,N-09,8.0,3417,0
2024-02-26,N-09,9.0,1889,0
2024-02-26,N-09,10.0,766,0
2024-02-26,N-09,,0,2396
2024-03-04,N-09,5.0,270,0
2024-03-04,N-09,6.0,965,0
2024-03-04,N-09,7.0,1577,0
2024-03-04,N-09,8.0,1348,0
2024-03-04,N-09,9.0,741,0
2024-03-04,N-09,10.0,338,0
2024-03-04,N-09,,0,948
2024-03-11,N-09,5.0,510,0
2024-03-11,N-09,6.0,1465,0
2024-03-11,N-09,7.0,2502,0
2024-03-11,N-09,8.0,2142,0
2024-03-11,N-09,9.0,1061,0
2024-03-11,N-09,10.0,500,0
2024-03-11,N-09,,0,1481
2025-11-02,N-09,5.0,577,0
2025-11-02,N-09,6.0,1663,0
2025-11-02,N-09,7.0,2902,0
2025-11-02,N-09,8.0,2413,0
2025-11-02,N-09,9.0,1357,0
2025-11-02,N-09,10.0,567,0
2025-11-02,N-09,,0,846
2025-11-09,N-09,5.0,81,0
2025-11-09,N-09,6.0,300,0
2025-11-09,N-09,7.0,437,0
2025-11-09,N-09,8.0,414,0
2025-11-09,N-09,9.0,244,0
2025-11-09,N-09,10.0,102,0
2025-11-09,N-09,,0,140
2025-11-16,N-09,5.0,143,0
2025-11-16,N-09,6.0,360,0
2025-11-16,N-09,7.0,641,0
2025-11-16,N-09,8.0,551,0
2025-11-16,N-09,9.0,321,0
2025-11-16,N-09,10.0,122,0
2025-11-16,N-09,,0,190
2025-11-23,N-09,5.0,473,0
2025-11-23,N-09,6.0,1519,0
2025-11-23,N-09,7.0,2508,0
2025-11-23,N-09,8.0,2098,0
2025-11-23,N-09,9.0,1081,0
2025-11-23,N-09,10.0,467,0
2025-11-23,N-09,,0,727
2025-11-30,N-09,5.0,384,0
2025-11-30,N-09,6.0,1126,0
2025-11-30,N-09,7.0,1828,0
2025-11-30,N-09,8.0,1637,0
2025-11-30,N-09,9.0,832,0
2025-11-30,N-09,10.0,355,0
2025-11-30,N-09,,0,550
2025-12-07,N-09,5.0,246,0
2025-12-07,N-09,6.0,687,0
2025-12-07,N-09,7.0,1179,0
2025-12-07,N-09,8.0,1040,0
2025-12-07,N-09,9.0,542,0
2025-12-07,N-09,10.0,230,0
2025-12-07,N-09,,0,350
2024-10-11,N-10,5.0,215,0
2024-10-11,N-10,6.0,641,0
2024-10-11,N-10,7.0,997,0
2024-10-11,N-10,8.0,922,0
2024-10-11,N-10,9.0,499,0
2024-10-11,N-10,10.0,221,0
2024-10-11,N-10,,0,635
2024-10-18,N-10,5.0,442,0
2024-10-18,N-10,6.0,1391,0
2024-10-18,N-10,7.0,2266,0
2024-10-18,N-10,8.0,2024,0
2024-10-18,N-10,9.0,1061,0
2024-10-18,N-10,10.0,469,0
2024-10-18,N-10,,0,1391
2024-10-25,N-10,5.0,182,0
2024-10-25,N-10,6.0,567,0
2024-10-25,N-10,7.0,937,0
2024-10-25,N-10,8.0,827,0
2024-10-25,N-10,9.0,422,0
2024-10-25,N-10,10.0,192,0
2024-10-25,N-10,,0,568
2024-11-01,N-10,5.0,13,0
2024-11-01,N-10,6.0,50,0
2024-11-01,N-10,7.0,75,0
2024-11-01,N-10,8.0,79,0
2024-11-01,N-10,9.0,31,0
2024-11-01,N-10,10.0,17,0
2024-11-01,N-10,,0,48
2024-11-08,N-10,5.0,152,0
2024-11-08,N-10,6.0,442,0
2024-11-08,N-10,7.0,748,0
2024-11-08,N-10,8.0,614,0
2024-11-08,N-10,9.0,345,0
2024-11-08,N-10,10.0,140,0
2024-11-08,N-10,,0,443
2024-11-15,N-10,5.0,186,0
2024-11-15,N-10,6.0,588,0
2024-11-15,N-10,7.0,970,0
2024-11-15,N-10,8.0,853,0
2024-11-15,N-10,9.0,430,0
2024-11-15,N-10,10.0,205,0
2024-11-15,N-10,,0,587
2026-06-09,N-10,5.0,421,0
2026-06-09,N-10,6.0,1385,0
2026-06-09,N-10,7.0,2244,0
2026-06-09,N-10,8.0,1971,0
2026-06-09,N-10,9.0,1050,0
2026-06-09,N-10,10.0,452,0
2026-06-09,N-10,,0,1121
2026-06-16,N-10,5.0,241,0
2026-06-16,N-10,6.0,793,0
2026-06-16,N-10,7.0,1306,0
2026-06-16,N-10,8.0,1135,0
2026-06-16,N-10,9.0,645,0
2026-06-16,N-10,10.0,261,0
2026-06-16,N-10,,0,653
2026-06-23,N-10,5.0,192,0
2026-06-23,N-10,6.0,499,0
2026-06-23,N-10,7.0,873,0
2026-06-23,N-10,8.0,704,0
2026-06-23,N-10,9.0,402,0
2026-06-23,N-10,10.0,189,0
2026-06-23,N-10,,0,426
2026-06-30,N-10,5.0,569,0
2026-06-30,N-10,6.0,1662,0
2026-06-30,N-10,7.0,2859,0
2026-06-30,N-10,8.0,2388,0
2026-06-30,N-10,9.0,1365,0
2026-06-30,N-10,10.0,590,0
2026-06-30,N-10,,0,1406
2026-07-07,N-10,5.0,383,0
2026-07-07,N-10,6.0,1062,0
2026-07-07,N-10,7.0,1738,0
2026-07-07,N-10,8.0,1578,0
2026-07-07,N-10,9.0,840,0
2026-07-07,N-10,10.0,390,0
2026-07-07,N-10,,0,893
2026-07-14,N-10,5.0,121,0
2026-07-14,N-10,6.0,433,0
2026-07-14,N-10,7.0,705,0
2026-07-14,N-10,8.0,640,0
2026-07-14,N-10,9.0,347,0
2026-07-14,N-10,10.0,140,0
2026-07-14,N-10,,0,355
2024-09-16,N-11,5.0,398,0
2024-09-16,N-11,6.0,1286,0
2024-09-16,N-11,7.0,2172,0
2024-09-16,N-11,8.0,1893,0
2024-09-16,N-11,9.0,1022,0
2024-09-16,N-11,10.0,426,0
2024-09-16,N-11,,0,1022
2024-09-23,N-11,5.0,849,0
2024-09-23,N-11,6.0,2749,0
2024-09-23,N-11,7.0,4453,0
2024-09-23,N-11,8.0,3940,0
2024-09-23,N-11,9.0,2110,0
2024-09-23,N-11,10.0,921,0
2024-09-23,N-11,,0,2133
2024-09-30,N-11,5.0,1385,0
2024-09-30,N-11,6.0,4054,0
2024-09-30,N-11,7.0,6966,0
2024-09-30,N-11,8.0,6012,0
2024-09-30,N-11,9.0,3264,0
2024-09-30,N-11,10.0,1386,0
2024-09-30,N-11,,0,3275
2024-10-07,N-11,5.0,680,0
2024-10-07,N-11,6.0,2135,0
2024-10-07,N-11,7.0,3373,0
2024-10-07,N-11,8.0,2943,0
2024-10-07,N-11,9.0,1577,0
2024-10-07,N-11,10.0,648,0
2024-10-07,N-11,,0,1612
2024-10-14,N-11,5.0,435,0
2024-10-14,N-11,6.0,1327,0
2024-10-14,N-11,7.0,2216,0
2024-10-14,N-11,8.0,1907,0
2024-10-14,N-11,9.0,1011,0
2024-10-14,N-11,10.0,467,0
2024-10-14,N-11,,0,1045
2024-10-21,N-11,5.0,441,0
2024-10-21,N-11,6.0,1263,0
2024-10-21,N-11,7.0,2067,0
2024-10-21,N-11,8.0,1867,0
2024-10-21,N-11,9.0,993,0
2024-10-21,N-11,10.0,425,0
2024-10-21,N-11,,0,1002
2026-06-21,N-11,5.0,109,0
2026-06-21,N-11,6.0,292,0
2026-06-21,N-11,7.0,495,0
2026-06-21,N-11,8.0,452,0
2026-06-21,N-11,9.0,247,0
2026-06-21,N-11,10.0,114,0
2026-06-21,N-11,,0,315
2026-06-28,N-11,5.0,190,0
2026-06-28,N-11,6.0,601,0
2026-06-28,N-11,7.0,945,0
2026-06-28,N-11,8.0,883,0
2026-06-28,N-11,9.0,410,0
2026-06-28,N-11,10.0,218,0
2026-06-28,N-11,,0,600
2026-07-05,N-11,5.0,622,0
2026-07-05,N-11,6.0,1899,0
2026-07-05,N-11,7.0,3152,0
2026-07-05,N-11,8.0,2826,0
2026-07-05,N-11,9.0,1490,0
2026-07-05,N-11,10.0,658,0
2026-07-05,N-11,,0,1968
2026-07-12,N-11,5.0,180,0
2026-07-12,N-11,6.0,554,0
2026-07-12,N-11,7.0,882,0
2026-07-12,N-11,8.0,828,0
2026-07-12,N-11,9.0,425,0
2026-07-12,N-11,10.0,170,0
2026-07-12,N-11,,0,561
2026-07-19,N-11,5.0,932,0
2026-07-19,N-11,6.0,2779,0
2026-07-19,N-11,7.0,4806,0
2026-07-19,N-11,8.0,4084,0
2026-07-19,N-11,9.0,2195,0
2026-07-19,N-11,10.0,964,0
2026-07-19,N-11,,0,2913
2026-07-26,N-11,5.0,177,0
2026-07-26,N-11,6.0,532,0
2026-07-26,N-11,7.0,854,0
2026-07-26,N-11,8.0,730,0
2026-07-26,N-11,9.0,355,0
2026-07-26,N-11,10.0,177,0
2026-07-26,N-11,,0,522
2025-03-08,N-12,5.0,212,0
2025-03-08,N-12,6.0,662,0
2025-03-08,N-12,7.0,1008,0
2025-03-08,N-12,8.0,910,0
2025-03-08,N-12,9.0,430,0
2025-03-08,N-12,10.0,202,0
2025-03-08,N-12,,0,719
2025-03-15,N-12,5.0,23,0
2025-03-15,N-12,6.0,63,0
2025-03-15,N-12,7.0,96,0
2025-03-15,N-12,8.0,110,0
2025-03-15,N-12,9.0,60,0
2025-03-15,N-12,10.0,19,0
2025-03-15,N-12,,0,78
2025-03-22,N-12,5.0,604,0
2025-03-22,N-12,6.0,1691,0
2025-03-22,N-12,7.0,2880,0
2025-03-22,N-12,8.0,2465,0
2025-03-22,N-12,9.0,1323,0
2025-03-22,N-12,10.0,583,0
2025-03-22,N-12,,0,2005
2025-03-29,N-12,5.0,258,0
2025-03-29,N-12,6.0,746,0
2025-03-29,N-12,7.0,1124,0
2025-03-29,N-12,8.0,1020,0
2025-03-29,N-12,9.0,565,0
2025-03-29,N-12,10.0,231,0
2025-03-29,N-12,,0,828
2025-04-05,N-12,5.0,680,0
2025-04-05,N-12,6.0,1992,0
2025-04-05,N-12,7.0,3276,0
2025-04-05,N-12,8.0,2939,0
2025-04-05,N-12,9.0,1502,0
2025-04-05,N-12,10.0,646,0
2025-04-05,N-12,,0,2317
2025-04-12,N-12,5.0,548,0
2025-04-12,N-12,6.0,1699,0
2025-04-12,N-12,7.0,2840,0
2025-04-12,N-12,8.0,2421,0
2025-04-12,N-12,9.0,1304,0
2025-04-12,N-12,10.0,565,0
2025-04-12,N-12,,0,1969
2024-01-02,N-13,5.0,211,0
2024-01-02,N-13,6.0,626,0
2024-01-02,N-13,7.0,1033,0
2024-01-02,N-13,8.0,906,0
2024-01-02,N-13,9.0,486,0
2024-01-02,N-13,10.0,224,0
2024-01-02,N-13,,0,643
2024-01-09,N-13,5.0,253,0
2024-01-09,N-13,6.0,882,0
2024-01-09,N-13,7.0,1479,0
2024-01-09,N-13,8.0,1280,0
2024-01-09,N-13,9.0,694,0
2024-01-09,N-13,10.0,296,0
2024-01-09,N-13,,0,901
2024-01-16,N-13,5.0,99,0
2024-01-16,N-13,6.0,333,0
2024-01-16,N-13,7.0,542,0
2024-01-16,N-13,8.0,486,0
2024-01-16,N-13,9.0,269,0
2024-01-16,N-13,10.0,123,0
2024-01-16,N-13,,0,341
2024-01-23,N-13,5.0,38,0
2024-01-23,N-13,6.0,126,0
2024-01-23,N-13,7.0,196,0
2024-01-23,N-13,8.0,165,0
2024-01-23,N-13,9.0,92,0
2024-01-23,N-13,10.0,31,0
2024-01-23,N-13,,0,119
2025-08-01,N-13,5.0,331,0
2025-08-01,N-13,6.0,960,0
2025-08-01,N-13,7.0,1600,0
2025-08-01,N-13,8.0,1389,0
2025-08-01,N-13,9.0,764,0
2025-08-01,N-13,10.0,339,0
2025-08-01,N-13,,0,450
2025-08-08,N-13,5.0,921,0
2025-08-08,N-13,6.0,2748,0
2025-08-08,N-13,7.0,4384,0
2025-08-08,N-13,8.0,3858,0
2025-08-08,N-13,9.0,2071,0
2025-08-08,N-13,10.0,901,0
2025-08-08,N-13,,0,1246
2025-08-15,N-13,5.0,113,0
2025-08-15,N-13,6.0,376,0
2025-08-15,N-13,7.0,602,0
2025-08-15,N-13,8.0,504,0
2025-08-15,N-13,9.0,300,0
2025-08-15,N-13,10.0,132,0
2025-08-15,N-13,,0,169
2025-08-22,N-13,5.0,504,0
2025-08-22,N-13,6.0,1518,0
2025-08-22,N-13,7.0,2432,0
2025-08-22,N-13,8.0,2270,0
2025-08-22,N-13,9.0,1131,0
2025-08-22,N-13,10.0,535,0
2025-08-22,N-13,,0,702
2025-08-29,N-13,5.0,295,0
2025-08-29,N-13,6.0,861,0
2025-08-29,N-13,7.0,1441,0
2025-08-29,N-13,8.0,1289,0
2025-08-29,N-13,9.0,658,0
2025-08-29,N-13,10.0,302,0
2025-08-29,N-13,,0,405
2025-09-05,N-13,5.0,282,0
2025-09-05,N-13,6.0,765,0
2025-09-05,N-13,7.0,1276,0
2025-09-05,N-13,8.0,1155,0
2025-09-05,N-13,9.0,579,0
2025-09-05,N-13,10.0,291,0
2025-09-05,N-13,,0,364
2024-02-02,N-14,5.0,450,0
2024-02-02,N-14,6.0,1365,0
2024-02-02,N-14,7.0,2396,0
2024-02-02,N-14,8.0,1986,0
2024-02-02,N-14,9.0,1050,0
2024-02-02,N-14,10.0,466,0
2024-02-02,N-14,,0,982
2024-02-09,N-14,5.0,211,0
2024-02-09,N-14,6.0,649,0
2024-02-09,N-14,7.0,1013,0
2024-02-09,N-14,8.0,898,0
2024-02-09,N-14,9.0,498,0
2024-02-09,N-14,10.0,185,0
2024-02-09,N-14,,0,440
2024-02-16,N-14,5.0,763,0
2024-02-16,N-14,6.0,2224,0
2024-02-16,N-14,7.0,3863,0
2024-02-16,N-14,8.0,3285,0
2024-02-16,N-14,9.0,1727,0
2024-02-16,N-14,10.0,749,0
2024-02-16,N-14,,0,1606
2024-02-23,N-14,5.0,75,0
2024-02-23,N-14,6.0,225,0
2024-02-23,N-14,7.0,376,0
2024-02-23,N-14,8.0,300,0
2024-02-23,N-14,9.0,176,0
2024-02-23,N-14,10.0,80,0
2024-02-23,N-14,,0,156
2024-03-01,N-14,5.0,756,0
2024-03-01,N-14,6.0,2227,0
2024-03-01,N-14,7.0,3546,0
2024-03-01,N-14,8.0,3181,0
2024-03-01,N-14,9.0,1706,0
2024-03-01,N-14,10.0,706,0
2024-03-01,N-14,,0,1543
2024-03-08,N-14,5.0,297,0
2024-03-08,N-14,6.0,855,0
2024-03-08,N-14,7.0,1448,0
2024-03-08,N-14,8.0,1248,0
2024-03-08,N-14,9.0,659,0
2024-03-08,N-14,10.0,276,0
2024-03-08,N-14,,0,609
2025-12-31,N-14,5.0,828,0
2025-12-31,N-14,6.0,2583,0
2025-12-31,N-14,7.0,4371,0
2025-12-31,N-14,8.0,3789,0
2025-12-31,N-14,9.0,1996,0
2025-12-31,N-14,10.0,876,0
2025-12-31,N-14,,0,2846
2026-01-07,N-14,5.0,90,0
2026-01-07,N-14,6.0,272,0
2026-01-07,N-14,7.0,386,0
2026-01-07,N-14,8.0,373,0
2026-01-07,N-14,9.0,208,0
2026-01-07,N-14,10.0,109,0
2026-01-07,N-14,,0,283
2026-01-14,N-14,5.0,591,0
2026-01-14,N-14,6.0,1870,0
2026-01-14,N-14,7.0,3014,0
2026-01-14,N-14,8.0,2608,0
2026-01-14,N-14,9.0,1393,0
2026-01-14,N-14,10.0,570,0
2026-01-14,N-14,,0,1979
2026-01-21,N-14,5.0,174,0
2026-01-21,N-14,6.0,553,0
2026-01-21,N-14,7.0,923,0
2026-01-21,N-14,8.0,812,0
2026-01-21,N-14,9.0,413,0
2026-01-21,N-14,10.0,174,0
2026-01-21,N-14,,0,600
2026-01-28,N-14,5.0,512,0
2026-01-28,N-14,6.0,1692,0
2026-01-28,N-14,7.0,2840,0
2026-01-28,N-14,8.0,2488,0
2026-01-28,N-14,9.0,1242,0
2026-01-28,N-14,10.0,548,0
2026-01-28,N-14,,0,1837
2026-02-04,N-14,5.0,549,0
2026-02-04,N-14,6.0,1611,0
2026-02-04,N-14,7.0,2607,0
2026-02-04,N-14,8.0,2287,0
2026-02-04,N-14,9.0,1264,0
2026-02-04,N-14,10.0,527,0
2026-02-04,N-14,,0,1743
2025-08-12,N-15,5.0,190,0
2025-08-12,N-15,6.0,534,0
2025-08-12,N-15,7.0,933,0
2025-08-12,N-15,8.0,808,0
2025-08-12,N-15,9.0,429,0
2025-08-12,N-15,10.0,192,0
2025-08-12,N-15,,0,661
2025-08-19,N-15,5.0,54,0
2025-08-19,N-15,6.0,147,0
2025-08-19,N-15,7.0,219,0
2025-08-19,N-15,8.0,212,0
2025-08-19,N-15,9.0,124,0
2025-08-19,N-15,10.0,35,0
2025-08-19,N-15,,0,169
2025-08-26,N-15,5.0,224,0
2025-08-26,N-15,6.0,661,0
2025-08-26,N-15,7.0,1048,0
2025-08-26,N-15,8.0,943,0
2025-08-26,N-15,9.0,514,0
2025-08-26,N-15,10.0,219,0
2025-08-26,N-15,,0,773
2025-09-02,N-15,5.0,2,0
2025-09-02,N-15,6.0,24,0
2025-09-02,N-15,7.0,31,0
2025-09-02,N-15,8.0,34,0
2025-09-02,N-15,9.0,9,0
2025-09-02,N-15,10.0,5,0
2025-09-02,N-15,,0,22
2025-09-09,N-15,5.0,142,0
2025-09-09,N-15,6.0,407,0
2025-09-09,N-15,7.0,689,0
2025-09-09,N-15,8.0,584,0
2025-09-09,N-15,9.0,323,0
2025-09-09,N-15,10.0,120,0
2025-09-09,N-15,,0,485
2025-09-16,N-15,5.0,321,0
2025-09-16,N-15,6.0,1034,0
2025-09-16,N-15,7.0,1703,0
2025-09-16,N-15,8.0,1475,0
2025-09-16,N-15,9.0,778,0
2025-09-16,N-15,10.0,355,0
2025-09-16,N-15,,0,1213
2024-05-07,N-16,5.0,275,0
2024-05-07,N-16,6.0,767,0
2024-05-07,N-16,7.0,1334,0
2024-05-07,N-16,8.0,1200,0
2024-05-07,N-16,9.0,642,0
2024-05-07,N-16,10.0,238,0
2024-05-07,N-16,,0,632
2024-05-14,N-16,5.0,275,0
2024-05-14,N-16,6.0,833,0
2024-05-14,N-16,7.0,1362,0
2024-05-14,N-16,8.0,1149,0
2024-05-14,N-16,9.0,630,0
2024-05-14,N-16,10.0,259,0
2024-05-14,N-16,,0,640
2024-05-21,N-16,5.0,72,0
2024-05-21,N-16,6.0,173,0
2024-05-21,N-16,7.0,271,0
2024-05-21,N-16,8.0,235,0
2024-05-21,N-16,9.0,141,0
2024-05-21,N-16,10.0,50,0
2024-05-21,N-16,,0,133
2024-05-28,N-16,5.0,41,0
2024-05-28,N-16,6.0,111,0
2024-05-28,N-16,7.0,212,0
2024-05-28,N-16,8.0,180,0
2024-05-28,N-16,9.0,101,0
2024-05-28,N-16,10.0,46,0
2024-05-28,N-16,,0,98
2024-06-04,N-16,5.0,31,0
2024-06-04,N-16,6.0,87,0
2024-06-04,N-16,7.0,150,0
2024-06-04,N-16,8.0,138,0
2024-06-04,N-16,9.0,62,0
2024-06-04,N-16,10.0,20,0
2024-06-04,N-16,,0,69
2024-06-11,N-16,5.0,124,0
2024-06-11,N-16,6.0,403,0
2024-06-11,N-16,7.0,658,0
2024-06-11,N-16,8.0,568,0
2024-06-11,N-16,9.0,335,0
2024-06-11,N-16,10.0,136,0
2024-06-11,N-16,,0,315
2026-01-23,N-16,5.0,21,0
2026-01-23,N-16,6.0,87,0
2026-01-23,N-16,7.0,86,0
2026-01-23,N-16,8.0,108,0
2026-01-23,N-16,9.0,40,0
2026-01-23,N-16,10.0,26,0
2026-01-23,N-16,,0,62
2026-01-30,N-16,5.0,590,0
2026-01-30,N-16,6.0,1664,0
2026-01-30,N-16,7.0,2792,0
2026-01-30,N-16,8.0,2451,0
2026-01-30,N-16,9.0,1371,0
2026-01-30,N-16,10.0,568,0
2026-01-30,N-16,,0,1611
2026-02-06,N-16,5.0,110,0
2026-02-06,N-16,6.0,305,0
2026-02-06,N-16,7.0,506,0
2026-02-06,N-16,8.0,394,0
2026-02-06,N-16,9.0,219,0
2026-02-06,N-16,10.0,112,0
2026-02-06,N-16,,0,281
2026-02-13,N-16,5.0,187,0
2026-02-13,N-16,6.0,531,0
2026-02-13,N-16,7.0,898,0
2026-02-13,N-16,8.0,803,0
2026-02-13,N-16,9.0,442,0
2026-02-13,N-16,10.0,199,0
2026-02-13,N-16,,0,522
2026-02-20,N-16,5.0,70,0
2026-02-20,N-16,6.0,215,0
2026-02-20,N-16,7.0,368,0
2026-02-20,N-16,8.0,330,0
2026-02-20,N-16,9.0,165,0
2026-02-20,N-16,10.0,73,0
2026-02-20,N-16,,0,208
2026-02-27,N-16,5.0,783,0
2026-02-27,N-16,6.0,2422,0
2026-02-27,N-16,7.0,4019,0
2026-02-27,N-16,8.0,3400,0
2026-02-27,N-16,9.0,1737,0
2026-02-27,N-16,10.0,746,0
2026-02-27,N-16,,0,2238
2024-05-28,N-17,5.0,197,0
2024-05-28,N-17,6.0,574,0
2024-05-28,N-17,7.0,916,0
2024-05-28,N-17,8.0,808,0
2024-05-28,N-17,9.0,433,0
2024-05-28,N-17,10.0,201,0
2024-05-28,N-17,,0,647
2024-06-04,N-17,5.0,238,0
2024-06-04,N-17,6.0,622,0
2024-06-04,N-17,7.0,1120,0
2024-06-04,N-17,8.0,994,0
2024-06-04,N-17,9.0,513,0
2024-06-04,N-17,10.0,225,0
2024-06-04,N-17,,0,767
2024-06-11,N-17,5.0,36,0
2024-06-11,N-17,6.0,133,0
2024-06-11,N-17,7.0,181,0
2024-06-11,N-17,8.0,185,0
2024-06-11,N-17,9.0,73,0
2024-06-11,N-17,10.0,36,0
2024-06-11,N-17,,0,133
2024-06-18,N-17,5.0,439,0
2024-06-18,N-17,6.0,1170,0
2024-06-18,N-17,7.0,1999,0
2024-06-18,N-17,8.0,1737,0
2024-06-18,N-17,9.0,927,0
2024-06-18,N-17,10.0,424,0
2024-06-18,N-17,,0,1384
2024-06-25,N-17,5.0,148,0
2024-06-25,N-17,6.0,387,0
2024-06-25,N-17,7.0,697,0
2024-06-25,N-17,8.0,637,0
2024-06-25,N-17,9.0,339,0
2024-06-25,N-17,10.0,124,0
2024-06-25,N-17,,0,482
2024-07-02,N-17,5.0,114,0
2024-07-02,N-17,6.0,296,0
2024-07-02,N-17,7.0,464,0
2024-07-02,N-17,8.0,413,0
2024-07-02,N-17,9.0,205,0
2024-07-02,N-17,10.0,87,0
2024-07-02,N-17,,0,326
2025-12-10,N-17,5.0,108,0
2025-12-10,N-17,6.0,338,0
2025-12-10,N-17,7.0,616,0
2025-12-10,N-17,8.0,511,0
2025-12-10,N-17,9.0,255,0
2025-12-10,N-17,10.0,117,0
2025-12-10,N-17,,0,286
2025-12-17,N-17,5.0,258,0
2025-12-17,N-17,6.0,714,0
2025-12-17,N-17,7.0,1235,0
2025-12-17,N-17,8.0,1046,0
2025-12-17,N-17,9.0,555,0
2025-12-17,N-17,10.0,250,0
2025-12-17,N-17,,0,598
2025-12-24,N-17,5.0,40,0
2025-12-24,N-17,6.0,106,0
2025-12-24,N-17,7.0,180,0
2025-12-24,N-17,8.0,147,0
2025-12-24,N-17,9.0,81,0
2025-12-24,N-17,10.0,37,0
2025-12-24,N-17,,0,87
2025-12-31,N-17,5.0,199,0
2025-12-31,N-17,6.0,667,0
2025-12-31,N-17,7.0,1016,0
2025-12-31,N-17,8.0,925,0
2025-12-31,N-17,9.0,503,0
2025-12-31,N-17,10.0,219,0
2025-12-31,N-17,,0,520
2026-01-07,N-17,5.0,292,0
2026-01-07,N-17,6.0,868,0
2026-01-07,N-17,7.0,1466,0
2026-01-07,N-17,8.0,1183,0
2026-01-07,N-17,9.0,647,0
2026-01-07,N-17,10.0,305,0
2026-01-07,N-17,,0,702
2026-01-14,N-17,5.0,86,0
2026-01-14,N-17,6.0,254,0
2026-01-14,N-17,7.0,424,0
2026-01-14,N-17,8.0,400,0
2026-01-14,N-17,9.0,199,0
2026-01-14,N-17,10.0,77,0
2026-01-14,N-17,,0,212
2024-05-17,N-18,5.0,168,0
2024-05-17,N-18,6.0,445,0
2024-05-17,N-18,7.0,798,0
2024-05-17,N-18,8.0,685,0
2024-05-17,N-18,9.0,357,0
2024-05-17,N-18,10.0,159,0
2024-05-17,N-18,,0,707
2024-05-24,N-18,5.0,471,0
2024-05-24,N-18,6.0,1332,0
2024-05-24,N-18,7.0,2319,0
2024-05-24,N-18,8.0,1916,0
2024-05-24,N-18,9.0,1027,0
2024-05-24,N-18,10.0,423,0
2024-05-24,N-18,,0,2028
2024-05-31,N-18,5.0,238,0
2024-05-31,N-18,6.0,737,0
2024-05-31,N-18,7.0,1274,0
2024-05-31,N-18,8.0,1083,0
2024-05-31,N-18,9.0,607,0
2024-05-31,N-18,10.0,241,0
2024-05-31,N-18,,0,1132
2024-06-07,N-18,5.0,488,0
2024-06-07,N-18,6.0,1662,0
2024-06-07,N-18,7.0,2679,0
2024-06-07,N-18,8.0,2301,0
2024-06-07,N-18,9.0,1190,0
2024-06-07,N-18,10.0,532,0
2024-06-07,N-18,,0,2398
2024-06-14,N-18,5.0,306,0
2024-06-14,N-18,6.0,984,0
2024-06-14,N-18,7.0,1653,0
2024-06-14,N-18,8.0,1444,0
2024-06-14,N-18,9.0,743,0
2024-06-14,N-18,10.0,278,0
2024-06-14,N-18,,0,1465
2024-06-21,N-18,5.0,93,0
2024-06-21,N-18,6.0,364,0
2024-06-21,N-18,7.0,580,0
2024-06-21,N-18,8.0,488,0
2024-06-21,N-18,9.0,261,0
2024-06-21,N-18,10.0,108,0
2024-06-21,N-18,,0,513
2026-02-10,N-18,5.0,783,0
2026-02-10,N-18,6.0,2218,0
2026-02-10,N-18,7.0,3630,0
2026-02-10,N-18,8.0,3287,0
2026-02-10,N-18,9.0,1782,0
2026-02-10,N-18,10.0,797,0
2026-02-10,N-18,,0,2220
2026-02-17,N-18,5.0,42,0
2026-02-17,N-18,6.0,121,0
2026-02-17,N-18,7.0,223,0
2026-02-17,N-18,8.0,189,0
2026-02-17,N-18,9.0,97,0
2026-02-17,N-18,10.0,47,0
2026-02-17,N-18,,0,127
2026-02-24,N-18,5.0,525,0
2026-02-24,N-18,6.0,1625,0
2026-02-24,N-18,7.0,2646,0
2026-02-24,N-18,8.0,2355,0
2026-02-24,N-18,9.0,1230,0
2026-02-24,N-18,10.0,503,0
2026-02-24,N-18,,0,1578
2026-03-03,N-18,5.0,202,0
2026-03-03,N-18,6.0,684,0
2026-03-03,N-18,7.0,1069,0
2026-03-03,N-18,8.0,934,0
2026-03-03,N-18,9.0,521,0
2026-03-03,N-18,10.0,198,0
2026-03-03,N-18,,0,641
2026-03-10,N-18,5.0,546,0
2026-03-10,N-18,6.0,1655,0
2026-03-10,N-18,7.0,2816,0
2026-03-10,N-18,8.0,2390,0
2026-03-10,N-18,9.0,1332,0
2026-03-10,N-18,10.0,520,0
2026-03-10,N-18,,0,1645
2026-03-17,N-18,5.0,149,0
2026-03-17,N-18,6.0,493,0
2026-03-17,N-18,7.0,724,0
2026-03-17,N-18,8.0,708,0
2026-03-17,N-18,9.0,381,0
2026-03-17,N-18,10.0,133,0
2026-03-17,N-18,,0,459
2024-07-05,N-19,5.0,85,0
2024-07-05,N-19,6.0,245,0
2024-07-05,N-19,7.0,441,0
2024-07-05,N-19,8.0,350,0
2024-07-05,N-19,9.0,220,0
2024-07-05,N-19,10.0,91,0
2024-07-05,N-19,,0,113
2024-07-12,N-19,5.0,105,0
2024-07-12,N-19,6.0,271,0
2024-07-12,N-19,7.0,458,0
2024-07-12,N-19,8.0,395,0
2024-07-12,N-19,9.0,210,0
2024-07-12,N-19,10.0,110,0
2024-07-12,N-19,,0,122
2024-07-19,N-19,5.0,244,0
2024-07-19,N-19,6.0,714,0
2024-07-19,N-19,7.0,1175,0
2024-07-19,N-19,8.0,958,0
2024-07-19,N-19,9.0,516,0
2024-07-19,N-19,10.0,249,0
2024-07-19,N-19,,0,306
2024-07-26,N-19,5.0,21,0
2024-07-26,N-19,6.0,80,0
2024-07-26,N-19,7.0,102,0
2024-07-26,N-19,8.0,118,0
2024-07-26,N-19,9.0,61,0
2024-07-26,N-19,10.0,32,0
2024-07-26,N-19,,0,32
2024-08-02,N-19,5.0,190,0
2024-08-02,N-19,6.0,554,0
2024-08-02,N-19,7.0,960,0
2024-08-02,N-19,8.0,802,0
2024-08-02,N-19,9.0,443,0
2024-08-02,N-19,10.0,191,0
2024-08-02,N-19,,0,249
2024-08-09,N-19,5.0,132,0
2024-08-09,N-19,6.0,388,0
2024-08-09,N-19,7.0,680,0
2024-08-09,N-19,8.0,606,0
2024-08-09,N-19,9.0,290,0
2024-08-09,N-19,10.0,131,0
2024-08-09,N-19,,0,176
2026-04-04,N-19,5.0,6,0
2026-04-04,N-19,6.0,33,0
2026-04-04,N-19,7.0,51,0
2026-04-04,N-19,8.0,53,0
2026-04-04,N-19,9.0,22,0
2026-04-04,N-19,10.0,11,0
2026-04-04,N-19,,0,31
2026-04-11,N-19,5.0,353,0
2026-04-11,N-19,6.0,1051,0
2026-04-11,N-19,7.0,1802,0
2026-04-11,N-19,8.0,1525,0
2026-04-11,N-19,9.0,796,0
2026-04-11,N-19,10.0,326,0
2026-04-11,N-19,,0,1040
2026-04-18,N-19,5.0,59,0
2026-04-18,N-19,6.0,108,0
2026-04-18,N-19,7.0,242,0
2026-04-18,N-19,8.0,203,0
2026-04-18,N-19,9.0,109,0
2026-04-18,N-19,10.0,33,0
2026-04-18,N-19,,0,134
2026-04-25,N-19,5.0,907,0
2026-04-25,N-19,6.0,2745,0
2026-04-25,N-19,7.0,4512,0
2026-04-25,N-19,8.0,4040,0
2026-04-25,N-19,9.0,2195,0
2026-04-25,N-19,10.0,857,0
2026-04-25,N-19,,0,2712
2026-05-02,N-19,5.0,334,0
2026-05-02,N-19,6.0,936,0
2026-05-02,N-19,7.0,1522,0
2026-05-02,N-19,8.0,1334,0
2026-05-02,N-19,9.0,754,0
2026-05-02,N-19,10.0,287,0
2026-05-02,N-19,,0,918
2026-05-09,N-19,5.0,523,0
2026-05-09,N-19,6.0,1456,0
2026-05-09,N-19,7.0,2384,0
2026-05-09,N-19,8.0,2092,0
2026-05-09,N-19,9.0,1120,0
2026-05-09,N-19,10.0,436,0
2026-05-09,N-19,,0,1424
2024-09-15,N-20,5.0,235,0
2024-09-15,N-20,6.0,652,0
2024-09-15,N-20,7.0,1002,0
2024-09-15,N-20,8.0,896,0
2024-09-15,N-20,9.0,519,0
2024-09-15,N-20,10.0,236,0
2024-09-15,N-20,,0,587
2024-09-22,N-20,5.0,937,0
2024-09-22,N-20,6.0,2713,0
2024-09-22,N-20,7.0,4410,0
2024-09-22,N-20,8.0,3930,0
2024-09-22,N-20,9.0,2094,0
2024-09-22,N-20,10.0,865,0
2024-09-22,N-20,,0,2482
2024-09-29,N-20,5.0,122,0
2024-09-29,N-20,6.0,309,0
2024-09-29,N-20,7.0,489,0
2024-09-29,N-20,8.0,448,0
2024-09-29,N-20,9.0,248,0
2024-09-29,N-20,10.0,124,0
2024-09-29,N-20,,0,288
2024-10-06,N-20,5.0,170,0
2024-10-06,N-20,6.0,505,0
2024-10-06,N-20,7.0,790,0
2024-10-06,N-20,8.0,718,0
2024-10-06,N-20,9.0,381,0
2024-10-06,N-20,10.0,172,0
2024-10-06,N-20,,0,454
2024-10-13,N-20,5.0,653,0
2024-10-13,N-20,6.0,1826,0
2024-10-13,N-20,7.0,3013,0
2024-10-13,N-20,8.0,2691,0
2024-10-13,N-20,9.0,1404,0
2024-10-13,N-20,10.0,588,0
2024-10-13,N-20,,0,1689
2024-10-20,N-20,5.0,657,0
2024-10-20,N-20,6.0,2039,0
2024-10-20,N-20,7.0,3439,0
2024-10-20,N-20,8.0,2991,0
2024-10-20,N-20,9.0,1621,0
2024-10-20,N-20,10.0,707,0
2024-10-20,N-20,,0,1901
2026-06-12,N-20,5.0,319,0
2026-06-12,N-20,6.0,945,0
2026-06-12,N-20,7.0,1573,0
2026-06-12,N-20,8.0,1321,0
2026-06-12,N-20,9.0,791,0
2026-06-12,N-20,10.0,317,0
2026-06-12,N-20,,0,547
2026-06-19,N-20,5.0,31,0
2026-06-19,N-20,6.0,74,0
2026-06-19,N-20,7.0,128,0
2026-06-19,N-20,8.0,119,0
2026-06-19,N-20,9.0,57,0
2026-06-19,N-20,10.0,18,0
2026-06-19,N-20,,0,44
2026-06-26,N-20,5.0,160,0
2026-06-26,N-20,6.0,538,0
2026-06-26,N-20,7.0,941,0
2026-06-26,N-20,8.0,754,0
2026-06-26,N-20,9.0,424,0
2026-06-26,N-20,10.0,192,0
2026-06-26,N-20,,0,312
2026-07-03,N-20,5.0,550,0
2026-07-03,N-20,6.0,1803,0
2026-07-03,N-20,7.0,2888,0
2026-07-03,N-20,8.0,2450,0
2026-07-03,N-20,9.0,1387,0
2026-07-03,N-20,10.0,586,0
2026-07-03,N-20,,0,1004
2026-07-10,N-20,5.0,131,0
2026-07-10,N-20,6.0,380,0
2026-07-10,N-20,7.0,600,0
2026-07-10,N-20,8.0,567,0
2026-07-10,N-20,9.0,286,0
2026-07-10,N-20,10.0,124,0
2026-07-10,N-20,,0,217
2026-07-17,N-20,5.0,118,0
2026-07-17,N-20,6.0,396,0
2026-07-17,N-20,7.0,682,0
2026-07-17,N-20,8.0,592,0
2026-07-17,N-20,9.0,331,0
2026-07-17,N-20,10.0,141,0
2026-07-17,N-20,,0,234
2025-06-02,N-21,5.0,76,0
2025-06-02,N-21,6.0,180,0
2025-06-02,N-21,7.0,296,0
2025-06-02,N-21,8.0,288,0
2025-06-02,N-21,9.0,161,0
2025-06-02,N-21,10.0,77,0
2025-06-02,N-21,,0,181
2025-06-09,N-21,5.0,654,0
2025-06-09,N-21,6.0,2002,0
2025-06-09,N-21,7.0,3262,0
2025-06-09,N-21,8.0,2784,0
2025-06-09,N-21,9.0,1510,0
2025-06-09,N-21,10.0,619,0
2025-06-09,N-21,,0,1826
2025-06-16,N-21,5.0,440,0
2025-06-16,N-21,6.0,1183,0
2025-06-16,N-21,7.0,2105,0
2025-06-16,N-21,8.0,1866,0
2025-06-16,N-21,9.0,989,0
2025-06-16,N-21,10.0,408,0
2025-06-16,N-21,,0,1179
2025-06-23,N-21,5.0,817,0
2025-06-23,N-21,6.0,2368,0
2025-06-23,N-21,7.0,4023,0
2025-06-23,N-21,8.0,3529,0
2025-06-23,N-21,9.0,1854,0
2025-06-23,N-21,10.0,813,0
2025-06-23,N-21,,0,2260
2025-06-30,N-21,5.0,678,0
2025-06-30,N-21,6.0,2044,0
2025-06-30,N-21,7.0,3435,0
2025-06-30,N-21,8.0,2934,0
2025-06-30,N-21,9.0,1603,0
2025-06-30,N-21,10.0,716,0
2025-06-30,N-21,,0,1924
2025-07-07,N-21,5.0,310,0
2025-07-07,N-21,6.0,996,0
2025-07-07,N-21,7.0,1572,0
2025-07-07,N-21,8.0,1383,0
2025-07-07,N-21,9.0,752,0
2025-07-07,N-21,10.0,347,0
2025-07-07,N-21,,0,903
2024-01-04,N-22,5.0,688,0
2024-01-04,N-22,6.0,2101,0
2024-01-04,N-22,7.0,3417,0
2024-01-04,N-22,8.0,2957,0
2024-01-04,N-22,9.0,1620,0
2024-01-04,N-22,10.0,719,0
2024-01-04,N-22,,0,3161
2024-01-11,N-22,5.0,1055,0
2024-01-11,N-22,6.0,3245,0
2024-01-11,N-22,7.0,5256,0
2024-01-11,N-22,8.0,4490,0
2024-01-11,N-22,9.0,2439,0
2024-01-11,N-22,10.0,1032,0
2024-01-11,N-22,,0,4815
2024-01-18,N-22,5.0,663,0
2024-01-18,N-22,6.0,1928,0
2024-01-18,N-22,7.0,3186,0
2024-01-18,N-22,8.0,2885,0
2024-01-18,N-22,9.0,1553,0
2024-01-18,N-22,10.0,691,0
2024-01-18,N-22,,0,2997
2024-01-25,N-22,5.0,643,0
2024-01-25,N-22,6.0,1901,0
2024-01-25,N-22,7.0,3086,0
2024-01-25,N-22,8.0,2616,0
2024-01-25,N-22,9.0,1410,0
2024-01-25,N-22,10.0,624,0
2024-01-25,N-22,,0,2826
2025-07-16,N-22,5.0,926,0
2025-07-16,N-22,6.0,2842,0
2025-07-16,N-22,7.0,4835,0
2025-07-16,N-22,8.0,4122,0
2025-07-16,N-22,9.0,2267,0
2025-07-16,N-22,10.0,952,0
2025-07-16,N-22,,0,2298
2025-07-23,N-22,5.0,249,0
2025-07-23,N-22,6.0,716,0
2025-07-23,N-22,7.0,1143,0
2025-07-23,N-22,8.0,981,0
2025-07-23,N-22,9.0,537,0
2025-07-23,N-22,10.0,215,0
2025-07-23,N-22,,0,553
2025-07-30,N-22,5.0,135,0
2025-07-30,N-22,6.0,423,0
2025-07-30,N-22,7.0,765,0
2025-07-30,N-22,8.0,648,0
2025-07-30,N-22,9.0,348,0
2025-07-30,N-22,10.0,175,0
2025-07-30,N-22,,0,359
2025-08-06,N-22,5.0,78,0
2025-08-06,N-22,6.0,294,0
2025-08-06,N-22,7.0,430,0
2025-08-06,N-22,8.0,408,0
2025-08-06,N-22,9.0,231,0
2025-08-06,N-22,10.0,77,0
2025-08-06,N-22,,0,218
2025-08-13,N-22,5.0,359,0
2025-08-13,N-22,6.0,1008,0
2025-08-13,N-22,7.0,1798,0
2025-08-13,N-22,8.0,1577,0
2025-08-13,N-22,9.0,844,0
2025-08-13,N-22,10.0,358,0
2025-08-13,N-22,,0,856
2025-08-20,N-22,5.0,40,0
2025-08-20,N-22,6.0,135,0
2025-08-20,N-22,7.0,203,0
2025-08-20,N-22,8.0,183,0
2025-08-20,N-22,9.0,90,0
2025-08-20,N-22,10.0,34,0
2025-08-20,N-22,,0,98
2024-09-04,N-23,5.0,462,0
2024-09-04,N-23,6.0,1533,0
2024-09-04,N-23,7.0,2506,0
2024-09-04,N-23,8.0,2178,0
2024-09-04,N-23,9.0,1215,0
2024-09-04,N-23,10.0,495,0
2024-09-04,N-23,,0,2114
2024-09-11,N-23,5.0,689,0
2024-09-11,N-23,6.0,2112,0
2024-09-11,N-23,7.0,3390,0
2024-09-11,N-23,8.0,2940,0
2024-09-11,N-23,9.0,1602,0
2024-09-11,N-23,10.0,665,0
2024-09-11,N-23,,0,2872
2024-09-18,N-23,5.0,158,0
2024-09-18,N-23,6.0,579,0
2024-09-18,N-23,7.0,891,0
2024-09-18,N-23,8.0,765,0
2024-09-18,N-23,9.0,431,0
2024-09-18,N-23,10.0,162,0
2024-09-18,N-23,,0,752
2024-09-25,N-23,5.0,199,0
2024-09-25,N-23,6.0,481,0
2024-09-25,N-23,7.0,860,0
2024-09-25,N-23,8.0,768,0
2024-09-25,N-23,9.0,383,0
2024-09-25,N-23,10.0,153,0
2024-09-25,N-23,,0,716
2024-10-02,N-23,5.0,0,0
2024-10-02,N-23,6.0,0,0
2024-10-02,N-23,7.0,1,0
2024-10-02,N-23,8.0,1,0
2024-10-02,N-23,9.0,0,0
2024-10-02,N-23,10.0,0,0
2024-10-02,N-23,,0,0
2024-10-09,N-23,5.0,801,0
2024-10-09,N-23,6.0,2378,0
2024-10-09,N-23,7.0,4030,0
2024-10-09,N-23,8.0,3389,0
2024-10-09,N-23,9.0,1860,0
2024-10-09,N-23,10.0,732,0
2024-10-09,N-23,,0,3323
2026-05-02,N-23,5.0,144,0
2026-05-02,N-23,6.0,453,0
2026-05-02,N-23,7.0,753,0
2026-05-02,N-23,8.0,618,0
2026-05-02,N-23,9.0,330,0
2026-05-02,N-23,10.0,143,0
2026-05-02,N-23,,0,673
2026-05-09,N-23,5.0,356,0
2026-05-09,N-23,6.0,1047,0
2026-05-09,N-23,7.0,1795,0
2026-05-09,N-23,8.0,1562,0
2026-05-09,N-23,9.0,859,0
2026-05-09,N-23,10.0,366,0
2026-05-09,N-23,,0,1651
2026-05-16,N-23,5.0,951,0
2026-05-16,N-23,6.0,2992,0
2026-05-16,N-23,7.0,4954,0
2026-05-16,N-23,8.0,4428,0
2026-05-16,N-23,9.0,2400,0
2026-05-16,N-23,10.0,1073,0
2026-05-16,N-23,,0,4635
2026-05-23,N-23,5.0,278,0
2026-05-23,N-23,6.0,845,0
2026-05-23,N-23,7.0,1317,0
2026-05-23,N-23,8.0,1180,0
2026-05-23,N-23,9.0,617,0
2026-05-23,N-23,10.0,269,0
2026-05-23,N-23,,0,1243
2026-05-30,N-23,5.0,229,0
2026-05-30,N-23,6.0,714,0
2026-05-30,N-23,7.0,1192,0
2026-05-30,N-23,8.0,1020,0
2026-05-30,N-23,9.0,605,0
2026-05-30,N-23,10.0,250,0
2026-05-30,N-23,,0,1106
2026-06-06,N-23,5.0,276,0
2026-06-06,N-23,6.0,777,0
2026-06-06,N-23,7.0,1399,0
2026-06-06,N-23,8.0,1166,0
2026-06-06,N-23,9.0,627,0
2026-06-06,N-23,10.0,261,0
2026-06-06,N-23,,0,1243
2024-10-23,N-24,5.0,209,0
2024-10-23,N-24,6.0,716,0
2024-10-23,N-24,7.0,1164,0
2024-10-23,N-24,8.0,947,0
2024-10-23,N-24,9.0,525,0
2024-10-23,N-24,10.0,252,0
2024-10-23,N-24,,0,638
2024-10-30,N-24,5.0,866,0
2024-10-30,N-24,6.0,2751,0
2024-10-30,N-24,7.0,4496,0
2024-10-30,N-24,8.0,3848,0
2024-10-30,N-24,9.0,2144,0
2024-10-30,N-24,10.0,917,0
2024-10-30,N-24,,0,2514
2024-11-06,N-24,5.0,530,0
2024-11-06,N-24,6.0,1490,0
2024-11-06,N-24,7.0,2592,0
2024-11-06,N-24,8.0,2183,0
2024-11-06,N-24,9.0,1194,0
2024-11-06,N-24,10.0,528,0
2024-11-06,N-24,,0,1425
2024-11-13,N-24,5.0,551,0
2024-11-13,N-24,6.0,1832,0
2024-11-13,N-24,7.0,2996,0
2024-11-13,N-24,8.0,2690,0
2024-11-13,N-24,9.0,1394,0
2024-11-13,N-24,10.0,617,0
2024-11-13,N-24,,0,1687
2024-11-20,N-24,5.0,713,0
2024-11-20,N-24,6.0,2194,0
2024-11-20,N-24,7.0,3671,0
2024-11-20,N-24,8.0,3210,0
2024-11-20,N-24,9.0,1739,0
2024-11-20,N-24,10.0,745,0
2024-11-20,N-24,,0,2054
2024-11-27,N-24,5.0,586,0
2024-11-27,N-24,6.0,1877,0
2024-11-27,N-24,7.0,3036,0
2024-11-27,N-24,8.0,2690,0
2024-11-27,N-24,9.0,1490,0
2024-11-27,N-24,10.0,601,0
2024-11-27,N-24,,0,1720
2026-05-22,N-24,5.0,915,0
2026-05-22,N-24,6.0,2826,0
2026-05-22,N-24,7.0,4612,0
2026-05-22,N-24,8.0,3997,0
2026-05-22,N-24,9.0,2212,0
2026-05-22,N-24,10.0,906,0
2026-05-22,N-24,,0,3679
2026-05-29,N-24,5.0,445,0
2026-05-29,N-24,6.0,1336,0
2026-05-29,N-24,7.0,2267,0
2026-05-29,N-24,8.0,1966,0
2026-05-29,N-24,9.0,1067,0
2026-05-29,N-24,10.0,468,0
2026-05-29,N-24,,0,1795
2026-06-05,N-24,5.0,1319,0
2026-06-05,N-24,6.0,4202,0
2026-06-05,N-24,7.0,6858,0
2026-06-05,N-24,8.0,5938,0
2026-06-05,N-24,9.0,3159,0
2026-06-05,N-24,10.0,1366,0
2026-06-05,N-24,,0,5432
2026-06-12,N-24,5.0,509,0
2026-06-12,N-24,6.0,1626,0
2026-06-12,N-24,7.0,2526,0
2026-06-12,N-24,8.0,2247,0
2026-06-12,N-24,9.0,1186,0
2026-06-12,N-24,10.0,530,0
2026-06-12,N-24,,0,2051
2026-06-19,N-24,5.0,491,0
2026-06-19,N-24,6.0,1542,0
2026-06-19,N-24,7.0,2561,0
2026-06-19,N-24,8.0,2206,0
2026-06-19,N-24,9.0,1228,0
2026-06-19,N-24,10.0,495,0
2026-06-19,N-24,,0,2027
2026-06-26,N-24,5.0,569,0
2026-06-26,N-24,6.0,1811,0
2026-06-26,N-24,7.0,2936,0
2026-06-26,N-24,8.0,2638,0
2026-06-26,N-24,9.0,1384,0
2026-06-26,N-24,10.0,585,0
2026-06-26,N-24,,0,2360
2025-02-16,S-01,5.0,519,0
2025-02-16,S-01,6.0,1580,0
2025-02-16,S-01,7.0,2732,0
2025-02-16,S-01,8.0,2239,0
2025-02-16,S-01,9.0,1168,0
2025-02-16,S-01,10.0,584,0
2025-02-16,S-01,,0,1609
2025-02-23,S-01,5.0,2,0
2025-02-23,S-01,6.0,8,0
2025-02-23,S-01,7.0,13,0
2025-02-23,S-01,8.0,14,0
2025-02-23,S-01,9.0,7,0
2025-02-23,S-01,10.0,3,0
2025-02-23,S-01,,0,8
2025-03-02,S-01,5.0,230,0
2025-03-02,S-01,6.0,706,0
2025-03-02,S-01,7.0,1256,0
2025-03-02,S-01,8.0,997,0
2025-03-02,S-01,9.0,556,0
2025-03-02,S-01,10.0,266,0
2025-03-02,S-01,,0,731
2025-03-09,S-01,5.0,98,0
2025-03-09,S-01,6.0,260,0
2025-03-09,S-01,7.0,436,0
2025-03-09,S-01,8.0,369,0
2025-03-09,S-01,9.0,213,0
2025-03-09,S-01,10.0,94,0
2025-03-09,S-01,,0,268
2025-03-16,S-01,5.0,27,0
2025-03-16,S-01,6.0,67,0
2025-03-16,S-01,7.0,109,0
2025-03-16,S-01,8.0,89,0
2025-03-16,S-01,9.0,54,0
2025-03-16,S-01,10.0,23,0
2025-03-16,S-01,,0,67
2025-03-23,S-01,5.0,407,0
2025-03-23,S-01,6.0,1197,0
2025-03-23,S-01,7.0,2038,0
2025-03-23,S-01,8.0,1682,0
2025-03-23,S-01,9.0,939,0
2025-03-23,S-01,10.0,437,0
2025-03-23,S-01,,0,1222
2026-09-05,S-01,5.0,160,0
2026-09-05,S-01,6.0,482,0
2026-09-05,S-01,7.0,806,0
2026-09-05,S-01,8.0,694,0
2026-09-05,S-01,9.0,336,0
2026-09-05,S-01,10.0,159,0
2026-09-05,S-01,,0,579
2026-09-12,S-01,5.0,508,0
2026-09-12,S-01,6.0,1456,0
2026-09-12,S-01,7.0,2511,0
2026-09-12,S-01,8.0,2086,0
2026-09-12,S-01,9.0,1130,0
2026-09-12,S-01,10.0,475,0
2026-09-12,S-01,,0,1795
2026-09-19,S-01,5.0,508,0
2026-09-19,S-01,6.0,1661,0
2026-09-19,S-01,7.0,2611,0
2026-09-19,S-01,8.0,2269,0
2026-09-19,S-01,9.0,1269,0
2026-09-19,S-01,10.0,529,0
2026-09-19,S-01,,0,1945
2026-09-26,S-01,5.0,670,0
2026-09-26,S-01,6.0,2084,0
2026-09-26,S-01,7.0,3479,0
2026-09-26,S-01,8.0,3066,0
2026-09-26,S-01,9.0,1711,0
2026-09-26,S-01,10.0,722,0
2026-09-26,S-01,,0,2580
2024-08-27,S-02,5.0,668,0
2024-08-27,S-02,6.0,1920,0
2024-08-27,S-02,7.0,3274,0
2024-08-27,S-02,8.0,2955,0
2024-08-27,S-02,9.0,1542,0
2024-08-27,S-02,10.0,661,0
2024-08-27,S-02,,0,1442
2024-09-03,S-02,5.0,161,0
2024-09-03,S-02,6.0,518,0
2024-09-03,S-02,7.0,862,0
2024-09-03,S-02,8.0,684,0
2024-09-03,S-02,9.0,388,0
2024-09-03,S-02,10.0,171,0
2024-09-03,S-02,,0,364
2024-09-10,S-02,5.0,58,0
2024-09-10,S-02,6.0,131,0
2024-09-10,S-02,7.0,208,0
2024-09-10,S-02,8.0,151,0
2024-09-10,S-02,9.0,91,0
2024-09-10,S-02,10.0,34,0
2024-09-10,S-02,,0,88
2024-09-17,S-02,5.0,861,0
2024-09-17,S-02,6.0,2561,0
2024-09-17,S-02,7.0,4393,0
2024-09-17,S-02,8.0,3663,0
2024-09-17,S-02,9.0,2012,0
2024-09-17,S-02,10.0,845,0
2024-09-17,S-02,,0,1875
2024-09-24,S-02,5.0,501,0
2024-09-24,S-02,6.0,1397,0
2024-09-24,S-02,7.0,2404,0
2024-09-24,S-02,8.0,2005,0
2024-09-24,S-02,9.0,1114,0
2024-09-24,S-02,10.0,478,0
2024-09-24,S-02,,0,1033
2024-10-01,S-02,5.0,123,0
2024-10-01,S-02,6.0,302,0
2024-10-01,S-02,7.0,456,0
2024-10-01,S-02,8.0,451,0
2024-10-01,S-02,9.0,242,0
2024-10-01,S-02,10.0,94,0
2024-10-01,S-02,,0,218
2026-04-14,S-02,5.0,550,0
2026-04-14,S-02,6.0,1745,0
2026-04-14,S-02,7.0,2899,0
2026-04-14,S-02,8.0,2585,0
2026-04-14,S-02,9.0,1324,0
2026-04-14,S-02,10.0,577,0
2026-04-14,S-02,,0,1019
2026-04-21,S-02,5.0,59,0
2026-04-21,S-02,6.0,240,0
2026-04-21,S-02,7.0,351,0
2026-04-21,S-02,8.0,294,0
2026-04-21,S-02,9.0,168,0
2026-04-21,S-02,10.0,67,0
2026-04-21,S-02,,0,124
2026-04-28,S-02,5.0,850,0
2026-04-28,S-02,6.0,2570,0
2026-04-28,S-02,7.0,4270,0
2026-04-28,S-02,8.0,3793,0
2026-04-28,S-02,9.0,2037,0
2026-04-28,S-02,10.0,884,0
2026-04-28,S-02,,0,1517
2026-05-05,S-02,5.0,98,0
2026-05-05,S-02,6.0,292,0
2026-05-05,S-02,7.0,434,0
2026-05-05,S-02,8.0,441,0
2026-05-05,S-02,9.0,226,0
2026-05-05,S-02,10.0,82,0
2026-05-05,S-02,,0,165
2026-05-12,S-02,5.0,635,0
2026-05-12,S-02,6.0,1976,0
2026-05-12,S-02,7.0,3197,0
2026-05-12,S-02,8.0,2820,0
2026-05-12,S-02,9.0,1506,0
2026-05-12,S-02,10.0,641,0
2026-05-12,S-02,,0,1135
2026-05-19,S-02,5.0,266,0
2026-05-19,S-02,6.0,769,0
2026-05-19,S-02,7.0,1258,0
2026-05-19,S-02,8.0,1162,0
2026-05-19,S-02,9.0,552,0
2026-05-19,S-02,10.0,241,0
2026-05-19,S-02,,0,447
2025-06-09,S-03,5.0,388,0
2025-06-09,S-03,6.0,1116,0
2025-06-09,S-03,7.0,1939,0
2025-06-09,S-03,8.0,1652,0
2025-06-09,S-03,9.0,853,0
2025-06-09,S-03,10.0,370,0
2025-06-09,S-03,,0,1377
2025-06-16,S-03,5.0,726,0
2025-06-16,S-03,6.0,2029,0
2025-06-16,S-03,7.0,3433,0
2025-06-16,S-03,8.0,2972,0
2025-06-16,S-03,9.0,1532,0
2025-06-16,S-03,10.0,635,0
2025-06-16,S-03,,0,2468
2025-06-23,S-03,5.0,304,0
2025-06-23,S-03,6.0,962,0
2025-06-23,S-03,7.0,1501,0
2025-06-23,S-03,8.0,1345,0
2025-06-23,S-03,9.0,697,0
2025-06-23,S-03,10.0,298,0
2025-06-23,S-03,,0,1113
2025-06-30,S-03,5.0,407,0
2025-06-30,S-03,6.0,1093,0
2025-06-30,S-03,7.0,1931,0
2025-06-30,S-03,8.0,1739,0
2025-06-30,S-03,9.0,859,0
2025-06-30,S-03,10.0,396,0
2025-06-30,S-03,,0,1400
2025-07-07,S-03,5.0,105,0
2025-07-07,S-03,6.0,297,0
2025-07-07,S-03,7.0,479,0
2025-07-07,S-03,8.0,394,0
2025-07-07,S-03,9.0,263,0
2025-07-07,S-03,10.0,96,0
2025-07-07,S-03,,0,356
2025-07-14,S-03,5.0,446,0
2025-07-14,S-03,6.0,1257,0
2025-07-14,S-03,7.0,2102,0
2025-07-14,S-03,8.0,1759,0
2025-07-14,S-03,9.0,923,0
2025-07-14,S-03,10.0,401,0
2025-07-14,S-03,,0,1501
2024-02-27,S-04,5.0,5,0
2024-02-27,S-04,6.0,7,0
2024-02-27,S-04,7.0,11,0
2024-02-27,S-04,8.0,11,0
2024-02-27,S-04,9.0,4,0
2024-02-27,S-04,10.0,2,0
2024-02-27,S-04,,0,7
2024-03-05,S-04,5.0,291,0
2024-03-05,S-04,6.0,942,0
2024-03-05,S-04,7.0,1536,0
2024-03-05,S-04,8.0,1351,0
2024-03-05,S-04,9.0,724,0
2024-03-05,S-04,10.0,306,0
2024-03-05,S-04,,0,943
2024-03-12,S-04,5.0,488,0
2024-03-12,S-04,6.0,1383,0
2024-03-12,S-04,7.0,2277,0
2024-03-12,S-04,8.0,1941,0
2024-03-12,S-04,9.0,1020,0
2024-03-12,S-04,10.0,473,0
2024-03-12,S-04,,0,1388
2024-03-19,S-04,5.0,28,0
2024-03-19,S-04,6.0,76,0
2024-03-19,S-04,7.0,155,0
2024-03-19,S-04,8.0,130,0
2024-03-19,S-04,9.0,55,0
2024-03-19,S-04,10.0,40,0
2024-03-19,S-04,,0,88
2024-03-26,S-04,5.0,270,0
2024-03-26,S-04,6.0,800,0
2024-03-26,S-04,7.0,1369,0
2024-03-26,S-04,8.0,1209,0
2024-03-26,S-04,9.0,667,0
2024-03-26,S-04,10.0,271,0
2024-03-26,S-04,,0,840
2024-04-02,S-04,5.0,394,0
2024-04-02,S-04,6.0,1271,0
2024-04-02,S-04,7.0,2051,0
2024-04-02,S-04,8.0,1825,0
2024-04-02,S-04,9.0,969,0
2024-04-02,S-04,10.0,373,0
2024-04-02,S-04,,0,1260
2026-01-08,S-04,5.0,56,0
2026-01-08,S-04,6.0,149,0
2026-01-08,S-04,7.0,267,0
2026-01-08,S-04,8.0,213,0
2026-01-08,S-04,9.0,107,0
2026-01-08,S-04,10.0,45,0
2026-01-08,S-04,,0,136
2026-01-15,S-04,5.0,430,0
2026-01-15,S-04,6.0,1310,0
2026-01-15,S-04,7.0,2121,0
2026-01-15,S-04,8.0,1894,0
2026-01-15,S-04,9.0,1018,0
2026-01-15,S-04,10.0,440,0
2026-01-15,S-04,,0,1179
2026-01-22,S-04,5.0,19,0
2026-01-22,S-04,6.0,73,0
2026-01-22,S-04,7.0,94,0
2026-01-22,S-04,8.0,96,0
2026-01-22,S-04,9.0,55,0
2026-01-22,S-04,10.0,16,0
2026-01-22,S-04,,0,57
2026-01-29,S-04,5.0,130,0
2026-01-29,S-04,6.0,479,0
2026-01-29,S-04,7.0,823,0
2026-01-29,S-04,8.0,734,0
2026-01-29,S-04,9.0,368,0
2026-01-29,S-04,10.0,156,0
2026-01-29,S-04,,0,440
2026-02-05,S-04,5.0,149,0
2026-02-05,S-04,6.0,401,0
2026-02-05,S-04,7.0,635,0
2026-02-05,S-04,8.0,588,0
2026-02-05,S-04,9.0,334,0
2026-02-05,S-04,10.0,109,0
2026-02-05,S-04,,0,362
2026-02-12,S-04,5.0,61,0
2026-02-12,S-04,6.0,165,0
2026-02-12,S-04,7.0,246,0
2026-02-12,S-04,8.0,247,0
2026-02-12,S-04,9.0,128,0
2026-02-12,S-04,10.0,52,0
2026-02-12,S-04,,0,147
2025-08-16,S-05,5.0,180,0
2025-08-16,S-05,6.0,505,0
2025-08-16,S-05,7.0,829,0
2025-08-16,S-05,8.0,726,0
2025-08-16,S-05,9.0,426,0
2025-08-16,S-05,10.0,169,0
2025-08-16,S-05,,0,368
2025-08-23,S-05,5.0,494,0
2025-08-23,S-05,6.0,1551,0
2025-08-23,S-05,7.0,2581,0
2025-08-23,S-05,8.0,2307,0
2025-08-23,S-05,9.0,1246,0
2025-08-23,S-05,10.0,525,0
2025-08-23,S-05,,0,1131
2025-08-30,S-05,5.0,142,0
2025-08-30,S-05,6.0,454,0
2025-08-30,S-05,7.0,715,0
2025-08-30,S-05,8.0,645,0
2025-08-30,S-05,9.0,327,0
2025-08-30,S-05,10.0,147,0
2025-08-30,S-05,,0,315
2025-09-06,S-05,5.0,94,0
2025-09-06,S-05,6.0,242,0
2025-09-06,S-05,7.0,396,0
2025-09-06,S-05,8.0,409,0
2025-09-06,S-05,9.0,189,0
2025-09-06,S-05,10.0,93,0
2025-09-06,S-05,,0,184
2025-09-13,S-05,5.0,2,0
2025-09-13,S-05,6.0,17,0
2025-09-13,S-05,7.0,31,0
2025-09-13,S-05,8.0,17,0
2025-09-13,S-05,9.0,16,0
2025-09-13,S-05,10.0,6,0
2025-09-13,S-05,,0,11
2025-09-20,S-05,5.0,192,0
2025-09-20,S-05,6.0,539,0
2025-09-20,S-05,7.0,901,0
2025-09-20,S-05,8.0,740,0
2025-09-20,S-05,9.0,412,0
2025-09-20,S-05,10.0,151,0
2025-09-20,S-05,,0,381
2024-01-23,S-06,5.0,294,0
2024-01-23,S-06,6.0,917,0
2024-01-23,S-06,7.0,1570,0
2024-01-23,S-06,8.0,1332,0
2024-01-23,S-06,9.0,690,0
2024-01-23,S-06,10.0,298,0
2024-01-23,S-06,,0,465
2024-01-30,S-06,5.0,637,0
2024-01-30,S-06,6.0,1857,0
2024-01-30,S-06,7.0,3209,0
2024-01-30,S-06,8.0,2833,0
2024-01-30,S-06,9.0,1534,0
2024-01-30,S-06,10.0,668,0
2024-01-30,S-06,,0,978
2024-02-06,S-06,5.0,381,0
2024-02-06,S-06,6.0,1156,0
2024-02-06,S-06,7.0,1878,0
2024-02-06,S-06,8.0,1614,0
2024-02-06,S-06,9.0,902,0
2024-02-06,S-06,10.0,402,0
2024-02-06,S-06,,0,577
2024-02-13,S-06,5.0,23,0
2024-02-13,S-06,6.0,72,0
2024-02-13,S-06,7.0,88,0
2024-02-13,S-06,8.0,110,0
2024-02-13,S-06,9.0,47,0
2024-02-13,S-06,10.0,31,0
2024-02-13,S-06,,0,33
2024-02-20,S-06,5.0,1018,0
2024-02-20,S-06,6.0,2867,0
2024-02-20,S-06,7.0,4668,0
2024-02-20,S-06,8.0,4263,0
2024-02-20,S-06,9.0,2213,0
2024-02-20,S-06,10.0,1001,0
2024-02-20,S-06,,0,1461
2024-02-27,S-06,5.0,176,0
2024-02-27,S-06,6.0,561,0
2024-02-27,S-06,7.0,968,0
2024-02-27,S-06,8.0,800,0
2024-02-27,S-06,9.0,460,0
2024-02-27,S-06,10.0,180,0
2024-02-27,S-06,,0,286
2025-11-06,S-06,5.0,325,0
2025-11-06,S-06,6.0,1130,0
2025-11-06,S-06,7.0,1828,0
2025-11-06,S-06,8.0,1640,0
2025-11-06,S-06,9.0,810,0
2025-11-06,S-06,10.0,353,0
2025-11-06,S-06,,0,925
2025-11-13,S-06,5.0,791,0
2025-11-13,S-06,6.0,2334,0
2025-11-13,S-06,7.0,3911,0
2025-11-13,S-06,8.0,3303,0
2025-11-13,S-06,9.0,1799,0
2025-11-13,S-06,10.0,797,0
2025-11-13,S-06,,0,1967
2025-11-20,S-06,5.0,432,0
2025-11-20,S-06,6.0,1227,0
2025-11-20,S-06,7.0,2006,0
2025-11-20,S-06,8.0,1763,0
2025-11-20,S-06,9.0,1003,0
2025-11-20,S-06,10.0,422,0
2025-11-20,S-06,,0,1042
2025-11-27,S-06,5.0,102,0
2025-11-27,S-06,6.0,291,0
2025-11-27,S-06,7.0,542,0
2025-11-27,S-06,8.0,430,0
2025-11-27,S-06,9.0,241,0
2025-11-27,S-06,10.0,104,0
2025-11-27,S-06,,0,260
2025-12-04,S-06,5.0,472,0
2025-12-04,S-06,6.0,1457,0
2025-12-04,S-06,7.0,2327,0
2025-12-04,S-06,8.0,2070,0
2025-12-04,S-06,9.0,1129,0
2025-12-04,S-06,10.0,446,0
2025-12-04,S-06,,0,1201
2025-12-11,S-06,5.0,115,0
2025-12-11,S-06,6.0,339,0
2025-12-11,S-06,7.0,572,0
2025-12-11,S-06,8.0,470,0
2025-12-11,S-06,9.0,264,0
2025-12-11,S-06,10.0,99,0
2025-12-11,S-06,,0,282
2024-08-12,S-07,5.0,406,0
2024-08-12,S-07,6.0,1248,0
2024-08-12,S-07,7.0,2005,0
2024-08-12,S-07,8.0,1723,0
2024-08-12,S-07,9.0,931,0
2024-08-12,S-07,10.0,417,0
2024-08-12,S-07,,0,892
2024-08-19,S-07,5.0,195,0
2024-08-19,S-07,6.0,641,0
2024-08-19,S-07,7.0,1133,0
2024-08-19,S-07,8.0,889,0
2024-08-19,S-07,9.0,530,0
2024-08-19,S-07,10.0,202,0
2024-08-19,S-07,,0,476
2024-08-26,S-07,5.0,260,0
2024-08-26,S-07,6.0,864,0
2024-08-26,S-07,7.0,1517,0
2024-08-26,S-07,8.0,1277,0
2024-08-26,S-07,9.0,696,0
2024-08-26,S-07,10.0,318,0
2024-08-26,S-07,,0,654
2024-09-02,S-07,5.0,87,0
2024-09-02,S-07,6.0,258,0
2024-09-02,S-07,7.0,399,0
2024-09-02,S-07,8.0,411,0
2024-09-02,S-07,9.0,191,0
2024-09-02,S-07,10.0,85,0
2024-09-02,S-07,,0,189
2024-09-09,S-07,5.0,66,0
2024-09-09,S-07,6.0,184,0
2024-09-09,S-07,7.0,333,0
2024-09-09,S-07,8.0,277,0
2024-09-09,S-07,9.0,141,0
2024-09-09,S-07,10.0,66,0
2024-09-09,S-07,,0,141
2024-09-16,S-07,5.0,146,0
2024-09-16,S-07,6.0,429,0
2024-09-16,S-07,7.0,817,0
2024-09-16,S-07,8.0,678,0
2024-09-16,S-07,9.0,316,0
2024-09-16,S-07,10.0,130,0
2024-09-16,S-07,,0,333
2026-03-27,S-07,5.0,322,0
2026-03-27,S-07,6.0,955,0
2026-03-27,S-07,7.0,1651,0
2026-03-27,S-07,8.0,1388,0
2026-03-27,S-07,9.0,778,0
2026-03-27,S-07,10.0,301,0
2026-03-27,S-07,,0,427
2026-04-03,S-07,5.0,647,0
2026-04-03,S-07,6.0,1955,0
2026-04-03,S-07,7.0,3231,0
2026-04-03,S-07,8.0,2907,0
2026-04-03,S-07,9.0,1534,0
2026-04-03,S-07,10.0,647,0
2026-04-03,S-07,,0,864
2026-04-10,S-07,5.0,385,0
2026-04-10,S-07,6.0,1160,0
2026-04-10,S-07,7.0,1769,0
2026-04-10,S-07,8.0,1672,0
2026-04-10,S-07,9.0,835,0
2026-04-10,S-07,10.0,377,0
2026-04-10,S-07,,0,490
2026-04-17,S-07,5.0,329,0
2026-04-17,S-07,6.0,1016,0
2026-04-17,S-07,7.0,1712,0
2026-04-17,S-07,8.0,1408,0
2026-04-17,S-07,9.0,795,0
2026-04-17,S-07,10.0,347,0
2026-04-17,S-07,,0,443
2026-04-24,S-07,5.0,17,0
2026-04-24,S-07,6.0,58,0
2026-04-24,S-07,7.0,85,0
2026-04-24,S-07,8.0,81,0
2026-04-24,S-07,9.0,38,0
2026-04-24,S-07,10.0,13,0
2026-04-24,S-07,,0,23
2026-05-01,S-07,5.0,432,0
2026-05-01,S-07,6.0,1265,0
2026-05-01,S-07,7.0,2086,0
2026-05-01,S-07,8.0,1816,0
2026-05-01,S-07,9.0,957,0
2026-05-01,S-07,10.0,443,0
2026-05-01,S-07,,0,554
2024-06-14,S-08,5.0,83,0
2024-06-14,S-08,6.0,239,0
2024-06-14,S-08,7.0,406,0
2024-06-14,S-08,8.0,305,0
2024-06-14,S-08,9.0,179,0
2024-06-14,S-08,10.0,79,0
2024-06-14,S-08,,0,204
2024-06-21,S-08,5.0,296,0
2024-06-21,S-08,6.0,867,0
2024-06-21,S-08,7.0,1413,0
2024-06-21,S-08,8.0,1288,0
2024-06-21,S-08,9.0,685,0
2024-06-21,S-08,10.0,289,0
2024-06-21,S-08,,0,767
2024-06-28,S-08,5.0,97,0
2024-06-28,S-08,6.0,244,0
2024-06-28,S-08,7.0,427,0
2024-06-28,S-08,8.0,384,0
2024-06-28,S-08,9.0,176,0
2024-06-28,S-08,10.0,96,0
2024-06-28,S-08,,0,225
2024-07-05,S-08,5.0,122,0
2024-07-05,S-08,6.0,359,0
2024-07-05,S-08,7.0,549,0
2024-07-05,S-08,8.0,525,0
2024-07-05,S-08,9.0,277,0
2024-07-05,S-08,10.0,129,0
2024-07-05,S-08,,0,311
2024-07-12,S-08,5.0,50,0
2024-07-12,S-08,6.0,149,0
2024-07-12,S-08,7.0,215,0
2024-07-12,S-08,8.0,206,0
2024-07-12,S-08,9.0,91,0
2024-07-12,S-08,10.0,45,0
2024-07-12,S-08,,0,119
2024-07-19,S-08,5.0,118,0
2024-07-19,S-08,6.0,324,0
2024-07-19,S-08,7.0,524,0
2024-07-19,S-08,8.0,462,0
2024-07-19,S-08,9.0,268,0
2024-07-19,S-08,10.0,103,0
2024-07-19,S-08,,0,285
2026-03-22,S-08,5.0,374,0
2026-03-22,S-08,6.0,1290,0
2026-03-22,S-08,7.0,2106,0
2026-03-22,S-08,8.0,1769,0
2026-03-22,S-08,9.0,950,0
2026-03-22,S-08,10.0,433,0
2026-03-22,S-08,,0,846
2026-03-29,S-08,5.0,757,0
2026-03-29,S-08,6.0,2173,0
2026-03-29,S-08,7.0,3531,0
2026-03-29,S-08,8.0,3034,0
2026-03-29,S-08,9.0,1667,0
2026-03-29,S-08,10.0,754,0
2026-03-29,S-08,,0,1457
2026-04-05,S-08,5.0,251,0
2026-04-05,S-08,6.0,923,0
2026-04-05,S-08,7.0,1421,0
2026-04-05,S-08,8.0,1282,0
2026-04-05,S-08,9.0,645,0
2026-04-05,S-08,10.0,296,0
2026-04-05,S-08,,0,589
2026-04-12,S-08,5.0,207,0
2026-04-12,S-08,6.0,592,0
2026-04-12,S-08,7.0,1010,0
2026-04-12,S-08,8.0,891,0
2026-04-12,S-08,9.0,489,0
2026-04-12,S-08,10.0,185,0
2026-04-12,S-08,,0,412
2026-04-19,S-08,5.0,110,0
2026-04-19,S-08,6.0,318,0
2026-04-19,S-08,7.0,534,0
2026-04-19,S-08,8.0,454,0
2026-04-19,S-08,9.0,246,0
2026-04-19,S-08,10.0,88,0
2026-04-19,S-08,,0,214
2026-04-26,S-08,5.0,151,0
2026-04-26,S-08,6.0,471,0
2026-04-26,S-08,7.0,752,0
2026-04-26,S-08,8.0,673,0
2026-04-26,S-08,9.0,368,0
2026-04-26,S-08,10.0,129,0
2026-04-26,S-08,,0,311
2024-01-17,S-09,5.0,291,0
2024-01-17,S-09,6.0,862,0
2024-01-17,S-09,7.0,1465,0
2024-01-17,S-09,8.0,1295,0
2024-01-17,S-09,9.0,691,0
2024-01-17,S-09,10.0,272,0
2024-01-17,S-09,,0,640
2024-01-24,S-09,5.0,135,0
2024-01-24,S-09,6.0,415,0
2024-01-24,S-09,7.0,737,0
2024-01-24,S-09,8.0,685,0
2024-01-24,S-09,9.0,348,0
2024-01-24,S-09,10.0,149,0
2024-01-24,S-09,,0,324
2024-01-31,S-09,5.0,298,0
2024-01-31,S-09,6.0,847,0
2024-01-31,S-09,7.0,1479,0
2024-01-31,S-09,8.0,1282,0
2024-01-31,S-09,9.0,710,0
2024-01-31,S-09,10.0,304,0
2024-01-31,S-09,,0,646
2024-02-07,S-09,5.0,168,0
2024-02-07,S-09,6.0,522,0
2024-02-07,S-09,7.0,929,0
2024-02-07,S-09,8.0,795,0
2024-02-07,S-09,9.0,474,0
2024-02-07,S-09,10.0,184,0
2024-02-07,S-09,,0,403
2024-02-14,S-09,5.0,105,0
2024-02-14,S-09,6.0,291,0
2024-02-14,S-09,7.0,465,0
2024-02-14,S-09,8.0,395,0
2024-02-14,S-09,9.0,207,0
2024-02-14,S-09,10.0,84,0
2024-02-14,S-09,,0,203
2024-02-21,S-09,5.0,808,0
2024-02-21,S-09,6.0,2517,0
2024-02-21,S-09,7.0,4130,0
2024-02-21,S-09,8.0,3464,0
2024-02-21,S-09,9.0,1909,0
2024-02-21,S-09,10.0,776,0
2024-02-21,S-09,,0,1786
2025-08-17,S-09,5.0,537,0
2025-08-17,S-09,6.0,1495,0
2025-08-17,S-09,7.0,2567,0
2025-08-17,S-09,8.0,2213,0
2025-08-17,S-09,9.0,1217,0
2025-08-17,S-09,10.0,499,0
2025-08-17,S-09,,0,2263
2025-08-24,S-09,5.0,655,0
2025-08-24,S-09,6.0,2054,0
2025-08-24,S-09,7.0,3309,0
2025-08-24,S-09,8.0,2860,0
2025-08-24,S-09,9.0,1431,0
2025-08-24,S-09,10.0,679,0
2025-08-24,S-09,,0,2916
2025-08-31,S-09,5.0,119,0
2025-08-31,S-09,6.0,315,0
2025-08-31,S-09,7.0,537,0
2025-08-31,S-09,8.0,444,0
2025-08-31,S-09,9.0,270,0
2025-08-31,S-09,10.0,112,0
2025-08-31,S-09,,0,476
2025-09-07,S-09,5.0,313,0
2025-09-07,S-09,6.0,931,0
2025-09-07,S-09,7.0,1671,0
2025-09-07,S-09,8.0,1405,0
2025-09-07,S-09,9.0,694,0
2025-09-07,S-09,10.0,301,0
2025-09-07,S-09,,0,1410
2025-09-14,S-09,5.0,210,0
2025-09-14,S-09,6.0,711,0
2025-09-14,S-09,7.0,1230,0
2025-09-14,S-09,8.0,1079,0
2025-09-14,S-09,9.0,577,0
2025-09-14,S-09,10.0,240,0
2025-09-14,S-09,,0,1074
2025-09-21,S-09,5.0,114,0
2025-09-21,S-09,6.0,309,0
2025-09-21,S-09,7.0,502,0
2025-09-21,S-09,8.0,403,0
2025-09-21,S-09,9.0,258,0
2025-09-21,S-09,10.0,113,0
2025-09-21,S-09,,0,451
2024-11-09,S-10,5.0,215,0
2024-11-09,S-10,6.0,692,0
2024-11-09,S-10,7.0,1099,0
2024-11-09,S-10,8.0,931,0
2024-11-09,S-10,9.0,493,0
2024-11-09,S-10,10.0,199,0
2024-11-09,S-10,,0,831
2024-11-16,S-10,5.0,48,0
2024-11-16,S-10,6.0,194,0
2024-11-16,S-10,7.0,332,0
2024-11-16,S-10,8.0,321,0
2024-11-16,S-10,9.0,142,0
2024-11-16,S-10,10.0,49,0
2024-11-16,S-10,,0,248
2024-11-23,S-10,5.0,738,0
2024-11-23,S-10,6.0,2158,0
2024-11-23,S-10,7.0,3513,0
2024-11-23,S-10,8.0,3087,0
2024-11-23,S-10,9.0,1699,0
2024-11-23,S-10,10.0,715,0
2024-11-23,S-10,,0,2727
2024-11-30,S-10,5.0,370,0
2024-11-30,S-10,6.0,1051,0
2024-11-30,S-10,7.0,1743,0
2024-11-30,S-10,8.0,1476,0
2024-11-30,S-10,9.0,816,0
2024-11-30,S-10,10.0,352,0
2024-11-30,S-10,,0,1330
2024-12-07,S-10,5.0,145,0
2024-12-07,S-10,6.0,447,0
2024-12-07,S-10,7.0,700,0
2024-12-07,S-10,8.0,652,0
2024-12-07,S-10,9.0,310,0
2024-12-07,S-10,10.0,153,0
2024-12-07,S-10,,0,551
2024-12-14,S-10,5.0,671,0
2024-12-14,S-10,6.0,2054,0
2024-12-14,S-10,7.0,3459,0
2024-12-14,S-10,8.0,2903,0
2024-12-14,S-10,9.0,1492,0
2024-12-14,S-10,10.0,646,0
2024-12-14,S-10,,0,2570
2026-08-19,S-10,5.0,116,0
2026-08-19,S-10,6.0,329,0
2026-08-19,S-10,7.0,590,0
2026-08-19,S-10,8.0,517,0
2026-08-19,S-10,9.0,271,0
2026-08-19,S-10,10.0,112,0
2026-08-19,S-10,,0,499
2026-08-26,S-10,5.0,103,0
2026-08-26,S-10,6.0,360,0
2026-08-26,S-10,7.0,570,0
2026-08-26,S-10,8.0,469,0
2026-08-26,S-10,9.0,268,0
2026-08-26,S-10,10.0,132,0
2026-08-26,S-10,,0,490
2026-09-02,S-10,5.0,367,0
2026-09-02,S-10,6.0,1114,0
2026-09-02,S-10,7.0,1974,0
2026-09-02,S-10,8.0,1668,0
2026-09-02,S-10,9.0,884,0
2026-09-02,S-10,10.0,376,0
2026-09-02,S-10,,0,1646
2026-09-09,S-10,5.0,127,0
2026-09-09,S-10,6.0,382,0
2026-09-09,S-10,7.0,581,0
2026-09-09,S-10,8.0,547,0
2026-09-09,S-10,9.0,321,0
2026-09-09,S-10,10.0,124,0
2026-09-09,S-10,,0,536
2026-09-16,S-10,5.0,105,0
2026-09-16,S-10,6.0,339,0
2026-09-16,S-10,7.0,617,0
2026-09-16,S-10,8.0,529,0
2026-09-16,S-10,9.0,255,0
2026-09-16,S-10,10.0,136,0
2026-09-16,S-10,,0,510
2026-09-23,S-10,5.0,196,0
2026-09-23,S-10,6.0,664,0
2026-09-23,S-10,7.0,1099,0
2026-09-23,S-10,8.0,928,0
2026-09-23,S-10,9.0,517,0
2026-09-23,S-10,10.0,227,0
2026-09-23,S-10,,0,936
2025-07-30,S-11,5.0,100,0
2025-07-30,S-11,6.0,296,0
2025-07-30,S-11,7.0,516,0
2025-07-30,S-11,8.0,465,0
2025-07-30,S-11,9.0,246,0
2025-07-30,S-11,10.0,131,0
2025-07-30,S-11,,0,153
2025-08-06,S-11,5.0,201,0
2025-08-06,S-11,6.0,538,0
2025-08-06,S-11,7.0,842,0
2025-08-06,S-11,8.0,721,0
2025-08-06,S-11,9.0,391,0
2025-08-06,S-11,10.0,168,0
2025-08-06,S-11,,0,250
2025-08-13,S-11,5.0,76,0
2025-08-13,S-11,6.0,286,0
2025-08-13,S-11,7.0,468,0
2025-08-13,S-11,8.0,432,0
2025-08-13,S-11,9.0,232,0
2025-08-13,S-11,10.0,79,0
2025-08-13,S-11,,0,137
2025-08-20,S-11,5.0,101,0
2025-08-20,S-11,6.0,246,0
2025-08-20,S-11,7.0,467,0
2025-08-20,S-11,8.0,397,0
2025-08-20,S-11,9.0,226,0
2025-08-20,S-11,10.0,97,0
2025-08-20,S-11,,0,134
2025-08-27,S-11,5.0,513,0
2025-08-27,S-11,6.0,1499,0
2025-08-27,S-11,7.0,2492,0
2025-08-27,S-11,8.0,2142,0
2025-08-27,S-11,9.0,1140,0
2025-08-27,S-11,10.0,485,0
2025-08-27,S-11,,0,722
2025-09-03,S-11,5.0,0,0
2025-09-03,S-11,6.0,0,0
2025-09-03,S-11,7.0,0,0
2025-09-03,S-11,8.0,0,0
2025-09-03,S-11,9.0,0,0
2025-09-03,S-11,10.0,0,0
2025-09-03,S-11,,0,0
2024-03-31,S-12,5.0,919,0
2024-03-31,S-12,6.0,2725,0
2024-03-31,S-12,7.0,4395,0
2024-03-31,S-12,8.0,3977,0
2024-03-31,S-12,9.0,2001,0
2024-03-31,S-12,10.0,866,0
2024-03-31,S-12,,0,3775
2024-04-07,S-12,5.0,43,0
2024-04-07,S-12,6.0,128,0
2024-04-07,S-12,7.0,188,0
2024-04-07,S-12,8.0,176,0
2024-04-07,S-12,9.0,92,0
2024-04-07,S-12,10.0,48,0
2024-04-07,S-12,,0,171
2024-04-14,S-12,5.0,49,0
2024-04-14,S-12,6.0,155,0
2024-04-14,S-12,7.0,233,0
2024-04-14,S-12,8.0,225,0
2024-04-14,S-12,9.0,114,0
2024-04-14,S-12,10.0,39,0
2024-04-14,S-12,,0,206
2024-04-21,S-12,5.0,193,0
2024-04-21,S-12,6.0,559,0
2024-04-21,S-12,7.0,886,0
2024-04-21,S-12,8.0,805,0
2024-04-21,S-12,9.0,438,0
2024-04-21,S-12,10.0,174,0
2024-04-21,S-12,,0,775
2024-04-28,S-12,5.0,233,0
2024-04-28,S-12,6.0,728,0
2024-04-28,S-12,7.0,1248,0
2024-04-28,S-12,8.0,1018,0
2024-04-28,S-12,9.0,577,0
2024-04-28,S-12,10.0,223,0
2024-04-28,S-12,,0,1021
2024-05-05,S-12,5.0,230,0
2024-05-05,S-12,6.0,649,0
2024-05-05,S-12,7.0,1082,0
2024-05-05,S-12,8.0,992,0
2024-05-05,S-12,9.0,544,0
2024-05-05,S-12,10.0,226,0
2024-05-05,S-12,,0,944
2025-12-03,S-12,5.0,528,0
2025-12-03,S-12,6.0,1672,0
2025-12-03,S-12,7.0,2717,0
2025-12-03,S-12,8.0,2317,0
2025-12-03,S-12,9.0,1266,0
2025-12-03,S-12,10.0,563,0
2025-12-03,S-12,,0,2078
2025-12-10,S-12,5.0,989,0
2025-12-10,S-12,6.0,2956,0
2025-12-10,S-12,7.0,4953,0
2025-12-10,S-12,8.0,4330,0
2025-12-10,S-12,9.0,2266,0
2025-12-10,S-12,10.0,1002,0
2025-12-10,S-12,,0,3782
2025-12-17,S-12,5.0,140,0
2025-12-17,S-12,6.0,354,0
2025-12-17,S-12,7.0,650,0
2025-12-17,S-12,8.0,549,0
2025-12-17,S-12,9.0,267,0
2025-12-17,S-12,10.0,118,0
2025-12-17,S-12,,0,476
2025-12-24,S-12,5.0,227,0
2025-12-24,S-12,6.0,769,0
2025-12-24,S-12,7.0,1305,0
2025-12-24,S-12,8.0,1069,0
2025-12-24,S-12,9.0,585,0
2025-12-24,S-12,10.0,267,0
2025-12-24,S-12,,0,968
2025-12-31,S-12,5.0,693,0
2025-12-31,S-12,6.0,1942,0
2025-12-31,S-12,7.0,3229,0
2025-12-31,S-12,8.0,2919,0
2025-12-31,S-12,9.0,1474,0
2025-12-31,S-12,10.0,615,0
2025-12-31,S-12,,0,2493
2026-01-07,S-12,5.0,53,0
2026-01-07,S-12,6.0,119,0
2026-01-07,S-12,7.0,163,0
2026-01-07,S-12,8.0,145,0
2026-01-07,S-12,9.0,86,0
2026-01-07,S-12,10.0,45,0
2026-01-07,S-12,,0,140
2025-01-25,S-13,5.0,1491,0
2025-01-25,S-13,6.0,4612,0
2025-01-25,S-13,7.0,7483,0
2025-01-25,S-13,8.0,6488,0
2025-01-25,S-13,9.0,3612,0
2025-01-25,S-13,10.0,1545,0
2025-01-25,S-13,,0,2421
2025-02-01,S-13,5.0,576,0
2025-02-01,S-13,6.0,1793,0
2025-02-01,S-13,7.0,3044,0
2025-02-01,S-13,8.0,2724,0
2025-02-01,S-13,9.0,1448,0
2025-02-01,S-13,10.0,595,0
2025-02-01,S-13,,0,977
2025-02-08,S-13,5.0,0,0
2025-02-08,S-13,6.0,7,0
2025-02-08,S-13,7.0,13,0
2025-02-08,S-13,8.0,7,0
2025-02-08,S-13,9.0,4,0
2025-02-08,S-13,10.0,2,0
2025-02-08,S-13,,0,3
2025-02-15,S-13,5.0,605,0
2025-02-15,S-13,6.0,1732,0
2025-02-15,S-13,7.0,2847,0
2025-02-15,S-13,8.0,2551,0
2025-02-15,S-13,9.0,1309,0
2025-02-15,S-13,10.0,568,0
2025-02-15,S-13,,0,922
2025-02-22,S-13,5.0,300,0
2025-02-22,S-13,6.0,964,0
2025-02-22,S-13,7.0,1691,0
2025-02-22,S-13,8.0,1459,0
2025-02-22,S-13,9.0,819,0
2025-02-22,S-13,10.0,323,0
2025-02-22,S-13,,0,533
2025-03-01,S-13,5.0,1355,0
2025-03-01,S-13,6.0,3756,0
2025-03-01,S-13,7.0,6411,0
2025-03-01,S-13,8.0,5704,0
2025-03-01,S-13,9.0,2969,0
2025-03-01,S-13,10.0,1339,0
2025-03-01,S-13,,0,2066
2024-06-30,S-14,5.0,305,0
2024-06-30,S-14,6.0,1017,0
2024-06-30,S-14,7.0,1594,0
2024-06-30,S-14,8.0,1363,0
2024-06-30,S-14,9.0,776,0
2024-06-30,S-14,10.0,344,0
2024-06-30,S-14,,0,606
2024-07-07,S-14,5.0,229,0
2024-07-07,S-14,6.0,595,0
2024-07-07,S-14,7.0,1037,0
2024-07-07,S-14,8.0,916,0
2024-07-07,S-14,9.0,465,0
2024-07-07,S-14,10.0,189,0
2024-07-07,S-14,,0,385
2024-07-14,S-14,5.0,157,0
2024-07-14,S-14,6.0,485,0
2024-07-14,S-14,7.0,867,0
2024-07-14,S-14,8.0,697,0
2024-07-14,S-14,9.0,404,0
2024-07-14,S-14,10.0,201,0
2024-07-14,S-14,,0,315
2024-07-21,S-14,5.0,301,0
2024-07-21,S-14,6.0,875,0
2024-07-21,S-14,7.0,1496,0
2024-07-21,S-14,8.0,1366,0
2024-07-21,S-14,9.0,700,0
2024-07-21,S-14,10.0,290,0
2024-07-21,S-14,,0,564
2024-07-28,S-14,5.0,358,0
2024-07-28,S-14,6.0,1026,0
2024-07-28,S-14,7.0,1668,0
2024-07-28,S-14,8.0,1449,0
2024-07-28,S-14,9.0,816,0
2024-07-28,S-14,10.0,340,0
2024-07-28,S-14,,0,635
2024-08-04,S-14,5.0,499,0
2024-08-04,S-14,6.0,1516,0
2024-08-04,S-14,7.0,2519,0
2024-08-04,S-14,8.0,2229,0
2024-08-04,S-14,9.0,1217,0
2024-08-04,S-14,10.0,519,0
2024-08-04,S-14,,0,954
2026-04-16,S-14,5.0,129,0
2026-04-16,S-14,6.0,376,0
2026-04-16,S-14,7.0,643,0
2026-04-16,S-14,8.0,551,0
2026-04-16,S-14,9.0,271,0
2026-04-16,S-14,10.0,116,0
2026-04-16,S-14,,0,200
2026-04-23,S-14,5.0,177,0
2026-04-23,S-14,6.0,533,0
2026-04-23,S-14,7.0,763,0
2026-04-23,S-14,8.0,760,0
2026-04-23,S-14,9.0,404,0
2026-04-23,S-14,10.0,153,0
2026-04-23,S-14,,0,267
2026-04-30,S-14,5.0,143,0
2026-04-30,S-14,6.0,412,0
2026-04-30,S-14,7.0,643,0
2026-04-30,S-14,8.0,636,0
2026-04-30,S-14,9.0,359,0
2026-04-30,S-14,10.0,146,0
2026-04-30,S-14,,0,224
2026-05-07,S-14,5.0,149,0
2026-05-07,S-14,6.0,510,0
2026-05-07,S-14,7.0,802,0
2026-05-07,S-14,8.0,691,0
2026-05-07,S-14,9.0,382,0
2026-05-07,S-14,10.0,168,0
2026-05-07,S-14,,0,259
2026-05-14,S-14,5.0,389,0
2026-05-14,S-14,6.0,1193,0
2026-05-14,S-14,7.0,1931,0
2026-05-14,S-14,8.0,1624,0
2026-05-14,S-14,9.0,943,0
2026-05-14,S-14,10.0,376,0
2026-05-14,S-14,,0,619
2026-05-21,S-14,5.0,73,0
2026-05-21,S-14,6.0,212,0
2026-05-21,S-14,7.0,355,0
2026-05-21,S-14,8.0,307,0
2026-05-21,S-14,9.0,167,0
2026-05-21,S-14,10.0,54,0
2026-05-21,S-14,,0,112
2025-04-16,S-15,5.0,28,0
2025-04-16,S-15,6.0,65,0
2025-04-16,S-15,7.0,95,0
2025-04-16,S-15,8.0,92,0
2025-04-16,S-15,9.0,55,0
2025-04-16,S-15,10.0,28,0
2025-04-16,S-15,,0,47
2025-04-23,S-15,5.0,154,0
2025-04-23,S-15,6.0,418,0
2025-04-23,S-15,7.0,741,0
2025-04-23,S-15,8.0,649,0
2025-04-23,S-15,9.0,325,0
2025-04-23,S-15,10.0,146,0
2025-04-23,S-15,,0,319
2025-04-30,S-15,5.0,43,0
2025-04-30,S-15,6.0,157,0
2025-04-30,S-15,7.0,265,0
2025-04-30,S-15,8.0,253,0
2025-04-30,S-15,9.0,138,0
2025-04-30,S-15,10.0,58,0
2025-04-30,S-15,,0,120
2025-05-07,S-15,5.0,52,0
2025-05-07,S-15,6.0,140,0
2025-05-07,S-15,7.0,252,0
2025-05-07,S-15,8.0,201,0
2025-05-07,S-15,9.0,128,0
2025-05-07,S-15,10.0,53,0
2025-05-07,S-15,,0,108
2025-05-14,S-15,5.0,34,0
2025-05-14,S-15,6.0,129,0
2025-05-14,S-15,7.0,235,0
2025-05-14,S-15,8.0,224,0
2025-05-14,S-15,9.0,114,0
2025-05-14,S-15,10.0,42,0
2025-05-14,S-15,,0,102
2025-05-21,S-15,5.0,311,0
2025-05-21,S-15,6.0,959,0
2025-05-21,S-15,7.0,1528,0
2025-05-21,S-15,8.0,1286,0
2025-05-21,S-15,9.0,684,0
2025-05-21,S-15,10.0,286,0
2025-05-21,S-15,,0,664
2024-06-27,S-16,5.0,38,0
2024-06-27,S-16,6.0,124,0
2024-06-27,S-16,7.0,189,0
2024-06-27,S-16,8.0,174,0
2024-06-27,S-16,9.0,88,0
2024-06-27,S-16,10.0,27,0
2024-06-27,S-16,,0,99
2024-07-04,S-16,5.0,114,0
2024-07-04,S-16,6.0,314,0
2024-07-04,S-16,7.0,574,0
2024-07-04,S-16,8.0,475,0
2024-07-04,S-16,9.0,273,0
2024-07-04,S-16,10.0,130,0
2024-07-04,S-16,,0,291
2024-07-11,S-16,5.0,1111,0
2024-07-11,S-16,6.0,3366,0
2024-07-11,S-16,7.0,5471,0
2024-07-11,S-16,8.0,4884,0
2024-07-11,S-16,9.0,2638,0
2024-07-11,S-16,10.0,1170,0
2024-07-11,S-16,,0,2892
2024-07-18,S-16,5.0,255,0
2024-07-18,S-16,6.0,722,0
2024-07-18,S-16,7.0,1252,0
2024-07-18,S-16,8.0,1132,0
2024-07-18,S-16,9.0,574,0
2024-07-18,S-16,10.0,241,0
2024-07-18,S-16,,0,648
2024-07-25,S-16,5.0,263,0
2024-07-25,S-16,6.0,726,0
2024-07-25,S-16,7.0,1180,0
2024-07-25,S-16,8.0,1059,0
2024-07-25,S-16,9.0,637,0
2024-07-25,S-16,10.0,249,0
2024-07-25,S-16,,0,638
2024-08-01,S-16,5.0,24,0
2024-08-01,S-16,6.0,63,0
2024-08-01,S-16,7.0,129,0
2024-08-01,S-16,8.0,110,0
2024-08-01,S-16,9.0,44,0
2024-08-01,S-16,10.0,25,0
2024-08-01,S-16,,0,61
2025-12-11,S-16,5.0,379,0
2025-12-11,S-16,6.0,1128,0
2025-12-11,S-16,7.0,1931,0
2025-12-11,S-16,8.0,1717,0
2025-12-11,S-16,9.0,898,0
2025-12-11,S-16,10.0,401,0
2025-12-11,S-16,,0,772
2025-12-18,S-16,5.0,845,0
2025-12-18,S-16,6.0,2629,0
2025-12-18,S-16,7.0,4400,0
2025-12-18,S-16,8.0,3885,0
2025-12-18,S-16,9.0,2069,0
2025-12-18,S-16,10.0,843,0
2025-12-18,S-16,,0,1755
2025-12-25,S-16,5.0,314,0
2025-12-25,S-16,6.0,939,0
2025-12-25,S-16,7.0,1592,0
2025-12-25,S-16,8.0,1429,0
2025-12-25,S-16,9.0,728,0
2025-12-25,S-16,10.0,319,0
2025-12-25,S-16,,0,636
2026-01-01,S-16,5.0,1192,0
2026-01-01,S-16,6.0,3532,0
2026-01-01,S-16,7.0,6144,0
2026-01-01,S-16,8.0,5278,0
2026-01-01,S-16,9.0,2854,0
2026-01-01,S-16,10.0,1293,0
2026-01-01,S-16,,0,2427
2026-01-08,S-16,5.0,81,0
2026-01-08,S-16,6.0,193,0
2026-01-08,S-16,7.0,342,0
2026-01-08,S-16,8.0,281,0
2026-01-08,S-16,9.0,151,0
2026-01-08,S-16,10.0,66,0
2026-01-08,S-16,,0,133
2026-01-15,S-16,5.0,532,0
2026-01-15,S-16,6.0,1544,0
2026-01-15,S-16,7.0,2545,0
2026-01-15,S-16,8.0,2207,0
2026-01-15,S-16,9.0,1172,0
2026-01-15,S-16,10.0,560,0
2026-01-15,S-16,,0,1024
2025-02-05,S-17,5.0,318,0
2025-02-05,S-17,6.0,1019,0
2025-02-05,S-17,7.0,1668,0
2025-02-05,S-17,8.0,1378,0
2025-02-05,S-17,9.0,775,0
2025-02-05,S-17,10.0,342,0
2025-02-05,S-17,,0,448
2025-02-12,S-17,5.0,362,0
2025-02-12,S-17,6.0,1116,0
2025-02-12,S-17,7.0,1832,0
2025-02-12,S-17,8.0,1643,0
2025-02-12,S-17,9.0,880,0
2025-02-12,S-17,10.0,374,0
2025-02-12,S-17,,0,506
2025-02-19,S-17,5.0,789,0
2025-02-19,S-17,6.0,2432,0
2025-02-19,S-17,7.0,4068,0
2025-02-19,S-17,8.0,3436,0
2025-02-19,S-17,9.0,1958,0
2025-02-19,S-17,10.0,797,0
2025-02-19,S-17,,0,1099
2025-02-26,S-17,5.0,204,0
2025-02-26,S-17,6.0,699,0
2025-02-26,S-17,7.0,1103,0
2025-02-26,S-17,8.0,1033,0
2025-02-26,S-17,9.0,492,0
2025-02-26,S-17,10.0,246,0
2025-02-26,S-17,,0,308
2025-03-05,S-17,5.0,427,0
2025-03-05,S-17,6.0,1196,0
2025-03-05,S-17,7.0,2054,0
2025-03-05,S-17,8.0,1793,0
2025-03-05,S-17,9.0,953,0
2025-03-05,S-17,10.0,400,0
2025-03-05,S-17,,0,556
2025-03-12,S-17,5.0,99,0
2025-03-12,S-17,6.0,313,0
2025-03-12,S-17,7.0,490,0
2025-03-12,S-17,8.0,459,0
2025-03-12,S-17,9.0,209,0
2025-03-12,S-17,10.0,95,0
2025-03-12,S-17,,0,135
2024-08-30,S-18,5.0,587,0
2024-08-30,S-18,6.0,1712,0
2024-08-30,S-18,7.0,2879,0
2024-08-30,S-18,8.0,2556,0
2024-08-30,S-18,9.0,1331,0
2024-08-30,S-18,10.0,596,0
2024-08-30,S-18,,0,1340
2024-09-06,S-18,5.0,555,0
2024-09-06,S-18,6.0,1651,0
2024-09-06,S-18,7.0,2687,0
2024-09-06,S-18,8.0,2339,0
2024-09-06,S-18,9.0,1242,0
2024-09-06,S-18,10.0,531,0
2024-09-06,S-18,,0,1249
2024-09-13,S-18,5.0,679,0
2024-09-13,S-18,6.0,1997,0
2024-09-13,S-18,7.0,3256,0
2024-09-13,S-18,8.0,2930,0
2024-09-13,S-18,9.0,1504,0
2024-09-13,S-18,10.0,596,0
2024-09-13,S-18,,0,1520
2024-09-20,S-18,5.0,979,0
2024-09-20,S-18,6.0,2930,0
2024-09-20,S-18,7.0,4873,0
2024-09-20,S-18,8.0,4166,0
2024-09-20,S-18,9.0,2327,0
2024-09-20,S-18,10.0,988,0
2024-09-20,S-18,,0,2255
2024-09-27,S-18,5.0,268,0
2024-09-27,S-18,6.0,727,0
2024-09-27,S-18,7.0,1302,0
2024-09-27,S-18,8.0,1079,0
2024-09-27,S-18,9.0,616,0
2024-09-27,S-18,10.0,258,0
2024-09-27,S-18,,0,589
2024-10-04,S-18,5.0,957,0
2024-10-04,S-18,6.0,2890,0
2024-10-04,S-18,7.0,4769,0
2024-10-04,S-18,8.0,4271,0
2024-10-04,S-18,9.0,2223,0
2024-10-04,S-18,10.0,974,0
2024-10-04,S-18,,0,2230
2026-04-15,S-18,5.0,1010,0
2026-04-15,S-18,6.0,3206,0
2026-04-15,S-18,7.0,5184,0
2026-04-15,S-18,8.0,4565,0
2026-04-15,S-18,9.0,2491,0
2026-04-15,S-18,10.0,1049,0
2026-04-15,S-18,,0,3163
2026-04-22,S-18,5.0,406,0
2026-04-22,S-18,6.0,1260,0
2026-04-22,S-18,7.0,2036,0
2026-04-22,S-18,8.0,1850,0
2026-04-22,S-18,9.0,937,0
2026-04-22,S-18,10.0,389,0
2026-04-22,S-18,,0,1243
2026-04-29,S-18,5.0,470,0
2026-04-29,S-18,6.0,1397,0
2026-04-29,S-18,7.0,2379,0
2026-04-29,S-18,8.0,2088,0
2026-04-29,S-18,9.0,1138,0
2026-04-29,S-18,10.0,494,0
2026-04-29,S-18,,0,1439
2026-05-06,S-18,5.0,25,0
2026-05-06,S-18,6.0,80,0
2026-05-06,S-18,7.0,156,0
2026-05-06,S-18,8.0,102,0
2026-05-06,S-18,9.0,60,0
2026-05-06,S-18,10.0,44,0
2026-05-06,S-18,,0,84
2026-05-13,S-18,5.0,768,0
2026-05-13,S-18,6.0,2263,0
2026-05-13,S-18,7.0,3894,0
2026-05-13,S-18,8.0,3321,0
2026-05-13,S-18,9.0,1811,0
2026-05-13,S-18,10.0,791,0
2026-05-13,S-18,,0,2322
2026-05-20,S-18,5.0,226,0
2026-05-20,S-18,6.0,620,0
2026-05-20,S-18,7.0,978,0
2026-05-20,S-18,8.0,887,0
2026-05-20,S-18,9.0,436,0
2026-05-20,S-18,10.0,208,0
2026-05-20,S-18,,0,606
